<?xml version="1.0" encoding="UTF-8" standalone="no"?><paletteDefinition><content><drawer iconpath="/icons/drawer.gif" id="Drawer__1283326723712" name="MARTE/Time"><aspectTool description="Create an element with a stereotype" iconpath="platform:/plugin/org.eclipse.uml2.uml.edit/icons/full/obj16/DurationConstraint.gif" id="createLocalPostconditionDurationConstraint9CreationTool_1283326807805" name="TimedDurationConstraint" refToolId="createLocalPostconditionDurationConstraint37CreationTool"><postAction id="org.eclipse.papyrus.applystereotypeactionprovider"><stereotypesToApply><stereotype stereotypeName="MARTE::MARTE_Foundations::Time::TimedConstraint"/></stereotypesToApply></postAction></aspectTool><aspectTool description="Create an element with a stereotype" iconpath="platform:/plugin/org.eclipse.uml2.uml.edit/icons/full/obj16/CallOperationAction.gif" id="createCallOperationAction12CreationTool_1283326872887" name="TimedProcessing (Call Operation Action)" refToolId="createCallOperationAction12CreationTool"><postAction id="org.eclipse.papyrus.applystereotypeactionprovider"><stereotypesToApply><stereotype stereotypeName="MARTE::MARTE_Foundations::Time::TimedProcessing"/></stereotypesToApply></postAction></aspectTool></drawer></content></paletteDefinition>