<?xml version="1.0" encoding="UTF-8" standalone="no"?><paletteDefinition><content><drawer iconpath="/icons/drawer.gif" id="Drawer__1283327690798" name="MARTE/HLAM"><aspectTool description="Create an element with a stereotype" iconpath="platform:/plugin/org.eclipse.uml2.uml.edit/icons/full/obj16/CallBehaviorAction.gif" id="createCallBehaviorAction11CreationTool_1283327750223" name="RtAction (Call Behavior Action)" refToolId="createCallBehaviorAction11CreationTool"><postAction id="org.eclipse.papyrus.applystereotypeactionprovider"><stereotypesToApply><stereotype stereotypeName="MARTE::MARTE_DesignModel::HLAM::RtAction"/></stereotypesToApply></postAction></aspectTool><aspectTool description="Create an element with a stereotype" iconpath="platform:/plugin/org.eclipse.uml2.uml.edit/icons/full/obj16/CallOperationAction.gif" id="createCallOperationAction3CreationTool_1283327753051" name="RtAction (Call Operation Action)" refToolId="createCallOperationAction3CreationTool"><postAction id="org.eclipse.papyrus.applystereotypeactionprovider"><stereotypesToApply><stereotype stereotypeName="MARTE::MARTE_DesignModel::HLAM::RtAction"/></stereotypesToApply></postAction></aspectTool><aspectTool description="Create an element with a stereotype" iconpath="platform:/plugin/org.eclipse.uml2.uml.edit/icons/full/obj16/CallBehaviorAction.gif" id="createCallBehaviorAction11CreationTool_1283327764927" name="RtFeature (Call Behavior Action)" refToolId="createCallBehaviorAction11CreationTool"><postAction id="org.eclipse.papyrus.applystereotypeactionprovider"><stereotypesToApply><stereotype stereotypeName="MARTE::MARTE_DesignModel::HLAM::RtFeature"/></stereotypesToApply></postAction></aspectTool><aspectTool description="Create an element with a stereotype" iconpath="platform:/plugin/org.eclipse.uml2.uml.edit/icons/full/obj16/CallOperationAction.gif" id="createCallOperationAction3CreationTool_1283327770630" name="RtFeature (Call Operation Action)" refToolId="createCallOperationAction3CreationTool"><postAction id="org.eclipse.papyrus.applystereotypeactionprovider"><stereotypesToApply><stereotype stereotypeName="MARTE::MARTE_DesignModel::HLAM::RtFeature"/></stereotypesToApply></postAction></aspectTool></drawer></content></paletteDefinition>