<?xml version="1.0" encoding="UTF-8" standalone="no"?><paletteDefinition><content><drawer iconpath="/icons/drawer.gif" id="Drawer__1283327834664" name="MARTE/SRM"><aspectTool description="Create an element with a stereotype" iconpath="platform:/plugin/org.eclipse.uml2.uml.edit/icons/full/obj16/StructuredActivityNode.gif" id="createStructuredActivityNode3CreationTool_1283327876487" name="MemoryPartition (Structured Activity Node)" refToolId="createStructuredActivityNode3CreationTool"><postAction id="org.eclipse.papyrus.applystereotypeactionprovider"><stereotypesToApply><stereotype stereotypeName="MARTE::MARTE_DesignModel::SRM::SW_Concurrency::MemoryPartition"/></stereotypesToApply></postAction></aspectTool></drawer></content></paletteDefinition>