<?xml version="1.0" encoding="UTF-8" standalone="no"?><paletteDefinition><content><drawer iconpath="/icons/drawer.gif" id="Drawer__1283326405607" name="MARTE/NFPs"><aspectTool description="Create an element with a stereotype" iconpath="platform:/plugin/org.eclipse.uml2.uml.edit/icons/full/obj16/Constraint.gif" id="createLocalPreconditionConstraint1CreationTool_1283326588152" name="NfpConstraint" refToolId="createLocalPreconditionConstraint31CreationTool"><postAction id="org.eclipse.papyrus.applystereotypeactionprovider"><stereotypesToApply><stereotype stereotypeName="MARTE::MARTE_Foundations::NFPs::NfpConstraint"/></stereotypesToApply></postAction></aspectTool></drawer></content></paletteDefinition>