<?xml version="1.0" encoding="UTF-8" standalone="no"?><paletteDefinition><content><drawer iconpath="/icons/drawer.gif" id="Drawer__1283328016472" name="MARTE/GQAM"><aspectTool description="Create an element with a stereotype" iconpath="platform:/plugin/org.eclipse.uml2.uml.edit/icons/full/obj16/CallBehaviorAction.gif" id="createCallBehaviorAction11CreationTool_1283328053749" name="GaAcqStep (Call Behavior Action)" refToolId="createCallBehaviorAction11CreationTool"><postAction id="org.eclipse.papyrus.applystereotypeactionprovider"><stereotypesToApply><stereotype stereotypeName="MARTE::MARTE_AnalysisModel::GQAM::GaAcqStep"/></stereotypesToApply></postAction></aspectTool><aspectTool description="Create an element with a stereotype" iconpath="platform:/plugin/org.eclipse.uml2.uml.edit/icons/full/obj16/CallOperationAction.gif" id="createCallOperationAction12CreationTool_1283328058561" name="GaAcqStep (Call Operation Action)" refToolId="createCallOperationAction12CreationTool"><postAction id="org.eclipse.papyrus.applystereotypeactionprovider"><stereotypesToApply><stereotype stereotypeName="MARTE::MARTE_AnalysisModel::GQAM::GaAcqStep"/></stereotypesToApply></postAction></aspectTool><aspectTool description="Create an element with a stereotype" iconpath="platform:/plugin/org.eclipse.uml2.uml.edit/icons/full/obj16/ControlFlow.gif" id="createControlFlow1CreationTool_1283328394693" name="GaCommStep (Control Flow)" refToolId="createControlFlow1CreationTool"><postAction id="org.eclipse.papyrus.applystereotypeactionprovider"><stereotypesToApply><stereotype stereotypeName="MARTE::MARTE_AnalysisModel::GQAM::GaCommStep"/></stereotypesToApply></postAction></aspectTool><aspectTool description="Create an element with a stereotype" iconpath="platform:/plugin/org.eclipse.uml2.uml.edit/icons/full/obj16/CallOperationAction.gif" id="createCallOperationAction12CreationTool_1283328402395" name="GaCommStep (Call Operation Action)" refToolId="createCallOperationAction12CreationTool"><postAction id="org.eclipse.papyrus.applystereotypeactionprovider"><stereotypesToApply><stereotype stereotypeName="MARTE::MARTE_AnalysisModel::GQAM::GaCommStep"/></stereotypesToApply></postAction></aspectTool><aspectTool description="Create an element with a stereotype" iconpath="platform:/plugin/org.eclipse.uml2.uml.edit/icons/full/obj16/CallBehaviorAction.gif" id="createCallBehaviorAction11CreationTool_1283328469751" name="GaRelStep (Call Behavior Action)" refToolId="createCallBehaviorAction11CreationTool"><postAction id="org.eclipse.papyrus.applystereotypeactionprovider"><stereotypesToApply><stereotype stereotypeName="MARTE::MARTE_AnalysisModel::GQAM::GaRelStep"/></stereotypesToApply></postAction></aspectTool><aspectTool description="Create an element with a stereotype" iconpath="platform:/plugin/org.eclipse.uml2.uml.edit/icons/full/obj16/CallOperationAction.gif" id="createCallOperationAction12CreationTool_1283328472204" name="GaRelStep (Call Operation Action)" refToolId="createCallOperationAction12CreationTool"><postAction id="org.eclipse.papyrus.applystereotypeactionprovider"><stereotypesToApply><stereotype stereotypeName="MARTE::MARTE_AnalysisModel::GQAM::GaRelStep"/></stereotypesToApply></postAction></aspectTool><aspectTool description="Create an element with a stereotype" iconpath="platform:/plugin/org.eclipse.uml2.uml.edit/icons/full/obj16/CallOperationAction.gif" id="createCallOperationAction12CreationTool_1283328479595" name="GaRequestedService (Call Operation Action)" refToolId="createCallOperationAction12CreationTool"><postAction id="org.eclipse.papyrus.applystereotypeactionprovider"><stereotypesToApply><stereotype stereotypeName="MARTE::MARTE_AnalysisModel::GQAM::GaRequestedService"/></stereotypesToApply></postAction></aspectTool><aspectTool description="Create an element with a stereotype" iconpath="platform:/plugin/org.eclipse.uml2.uml.edit/icons/full/obj16/StructuredActivityNode.gif" id="createStructuredActivityNode3CreationTool_1283328505406" name="GaScenario (Structured Activity Node)" refToolId="createStructuredActivityNode3CreationTool"><postAction id="org.eclipse.papyrus.applystereotypeactionprovider"><stereotypesToApply><stereotype stereotypeName="MARTE::MARTE_AnalysisModel::GQAM::GaScenario"/></stereotypesToApply></postAction></aspectTool><aspectTool description="Create an element with a stereotype" iconpath="platform:/plugin/org.eclipse.uml2.uml.edit/icons/full/obj16/StructuredActivityNode.gif" id="createStructuredActivityNode3CreationTool_1283328520312" name="GaAnalysisContext (Structured Activity Node)" refToolId="createStructuredActivityNode3CreationTool"><postAction id="org.eclipse.papyrus.applystereotypeactionprovider"><stereotypesToApply><stereotype stereotypeName="MARTE::MARTE_AnalysisModel::GQAM::GaAnalysisContext"/></stereotypesToApply></postAction></aspectTool><aspectTool description="Create an element with a stereotype" iconpath="platform:/plugin/org.eclipse.uml2.uml.edit/icons/full/obj16/CallBehaviorAction.gif" id="createCallBehaviorAction11CreationTool_1283328534686" name="GaStep (Call Behavior Action)" refToolId="createCallBehaviorAction11CreationTool"><postAction id="org.eclipse.papyrus.applystereotypeactionprovider"><stereotypesToApply><stereotype stereotypeName="MARTE::MARTE_AnalysisModel::GQAM::GaStep"/></stereotypesToApply></postAction></aspectTool><aspectTool description="Create an element with a stereotype" iconpath="platform:/plugin/org.eclipse.uml2.uml.edit/icons/full/obj16/CallOperationAction.gif" id="createCallOperationAction12CreationTool_1283328537795" name="GaStep (Call Operation Action)" refToolId="createCallOperationAction12CreationTool"><postAction id="org.eclipse.papyrus.applystereotypeactionprovider"><stereotypesToApply><stereotype stereotypeName="MARTE::MARTE_AnalysisModel::GQAM::GaStep"/></stereotypesToApply></postAction></aspectTool><aspectTool description="Create an element with a stereotype" iconpath="platform:/plugin/org.eclipse.uml2.uml.edit/icons/full/obj16/StructuredActivityNode.gif" id="createStructuredActivityNode3CreationTool_1283328732630" name="GaWorkloadBehavior (Structured Activity Node)" refToolId="createStructuredActivityNode3CreationTool"><postAction id="org.eclipse.papyrus.applystereotypeactionprovider"><stereotypesToApply><stereotype stereotypeName="MARTE::MARTE_AnalysisModel::GQAM::GaWorkloadBehavior"/></stereotypesToApply></postAction></aspectTool><aspectTool description="Create an element with a stereotype" iconpath="platform:/plugin/org.eclipse.uml2.uml.edit/icons/full/obj16/AcceptEventAction.gif" id="createAcceptEventAction6CreationTool_1283328741427" name="GaWorkloadEvent (Accept Event Action)" refToolId="createAcceptEventAction6CreationTool"><postAction id="org.eclipse.papyrus.applystereotypeactionprovider"><stereotypesToApply><stereotype stereotypeName="MARTE::MARTE_AnalysisModel::GQAM::GaWorkloadEvent"/></stereotypesToApply></postAction></aspectTool></drawer></content></paletteDefinition>