<?xml version="1.0" encoding="UTF-8" standalone="no"?><paletteDefinition><content><drawer iconpath="/icons/drawer.gif" id="Drawer__1283327086671" name="MARTE/GCM"><aspectTool description="Create an element with a stereotype" iconpath="platform:/plugin/org.eclipse.uml2.uml.edit/icons/full/obj16/CallBehaviorAction.gif" id="createCallBehaviorAction2CreationTool_1283327647999" name="GCMInvocationAction (Call Behavior Action)" refToolId="createCallBehaviorAction11CreationTool"><postAction id="org.eclipse.papyrus.applystereotypeactionprovider"><stereotypesToApply><stereotype stereotypeName="MARTE::MARTE_DesignModel::GCM::GCMInvocationAction"/></stereotypesToApply></postAction></aspectTool><aspectTool description="Create an element with a stereotype" iconpath="platform:/plugin/org.eclipse.uml2.uml.edit/icons/full/obj16/CallOperationAction.gif" id="createCallOperationAction12CreationTool_1283327660625" name="GCMInvocationAction (Call Operation Action)" refToolId="createCallOperationAction12CreationTool"><postAction id="org.eclipse.papyrus.applystereotypeactionprovider"><stereotypesToApply><stereotype stereotypeName="MARTE::MARTE_DesignModel::GCM::GCMInvocationAction"/></stereotypesToApply></postAction></aspectTool></drawer></content></paletteDefinition>