<?xml version="1.0" encoding="UTF-8" standalone="no"?><paletteDefinition><content><drawer iconpath="/icons/drawer.gif" id="Drawer__1283328761723" name="MARTE/SAM"><aspectTool description="Create an element with a stereotype" iconpath="platform:/plugin/org.eclipse.uml2.uml.edit/icons/full/obj16/StructuredActivityNode.gif" id="createStructuredActivityNode3CreationTool_1283328732630_1283328806878" name="SaAnalysisContext (GaWorkloadBehavior (Structured Activity Node))" refToolId="createStructuredActivityNode3CreationTool_1283328732630"><postAction id="org.eclipse.papyrus.applystereotypeactionprovider"><stereotypesToApply><stereotype stereotypeName="MARTE::MARTE_AnalysisModel::SAM::SaAnalysisContext"/></stereotypesToApply></postAction></aspectTool><aspectTool description="Create an element with a stereotype" iconpath="platform:/plugin/org.eclipse.uml2.uml.edit/icons/full/obj16/CallBehaviorAction.gif" id="createCallBehaviorAction11CreationTool_1283328816034" name="SaCommStep (Call Behavior Action)" refToolId="createCallBehaviorAction11CreationTool"><postAction id="org.eclipse.papyrus.applystereotypeactionprovider"><stereotypesToApply><stereotype stereotypeName="MARTE::MARTE_AnalysisModel::SAM::SaCommStep"/></stereotypesToApply></postAction></aspectTool><aspectTool description="Create an element with a stereotype" iconpath="platform:/plugin/org.eclipse.uml2.uml.edit/icons/full/obj16/CallOperationAction.gif" id="createCallOperationAction12CreationTool_1283328818518" name="SaCommStep (Call Operation Action)" refToolId="createCallOperationAction12CreationTool"><postAction id="org.eclipse.papyrus.applystereotypeactionprovider"><stereotypesToApply><stereotype stereotypeName="MARTE::MARTE_AnalysisModel::SAM::SaCommStep"/></stereotypesToApply></postAction></aspectTool><aspectTool description="Create an element with a stereotype" iconpath="platform:/plugin/org.eclipse.uml2.uml.edit/icons/full/obj16/ActivityPartition.gif" id="createActivityPartition1CreationTool_1283328829143" name="SaEndtoEndFlow (Activity Partition)" refToolId="createActivityPartition1CreationTool"><postAction id="org.eclipse.papyrus.applystereotypeactionprovider"><stereotypesToApply><stereotype stereotypeName="MARTE::MARTE_AnalysisModel::SAM::SaEndtoEndFlow"/></stereotypesToApply></postAction></aspectTool><aspectTool description="Create an element with a stereotype" iconpath="platform:/plugin/org.eclipse.uml2.uml.edit/icons/full/obj16/StructuredActivityNode.gif" id="createStructuredActivityNode3CreationTool_1283328844205" name="SaEndtoEndFlow (Structured Activity Node)" refToolId="createStructuredActivityNode3CreationTool"><postAction id="org.eclipse.papyrus.applystereotypeactionprovider"><stereotypesToApply><stereotype stereotypeName="MARTE::MARTE_AnalysisModel::SAM::SaEndtoEndFlow"/></stereotypesToApply></postAction></aspectTool><aspectTool description="Create an element with a stereotype" iconpath="platform:/plugin/org.eclipse.uml2.uml.edit/icons/full/obj16/CallBehaviorAction.gif" id="createCallBehaviorAction11CreationTool_1283328858204" name="SaStep (Call Behavior Action)" refToolId="createCallBehaviorAction11CreationTool"><postAction id="org.eclipse.papyrus.applystereotypeactionprovider"><stereotypesToApply><stereotype stereotypeName="MARTE::MARTE_AnalysisModel::SAM::SaStep"/></stereotypesToApply></postAction></aspectTool><aspectTool description="Create an element with a stereotype" iconpath="platform:/plugin/org.eclipse.uml2.uml.edit/icons/full/obj16/CallOperationAction.gif" id="createCallOperationAction12CreationTool_1283328861517" name="SaStep (Call Operation Action)" refToolId="createCallOperationAction12CreationTool"><postAction id="org.eclipse.papyrus.applystereotypeactionprovider"><stereotypesToApply><stereotype stereotypeName="MARTE::MARTE_AnalysisModel::SAM::SaStep"/></stereotypesToApply></postAction></aspectTool></drawer></content></paletteDefinition>