<?xml version="1.0" encoding="UTF-8" standalone="no"?><paletteDefinition><content><drawer iconpath="/icons/drawer.gif" id="Drawer__1283172503892" name="MARTE/SRM"><aspectTool description="Create an element with a stereotype" iconpath="platform:/plugin/org.eclipse.uml2.uml.edit/icons/full/obj16/Class.gif" id="clazz.tool.class_1283172544106" name="SwResource (Class)" refToolId="clazz.tool.class"><postAction id="org.eclipse.papyrus.applystereotypeactionprovider"><stereotypesToApply><stereotype stereotypeName="MARTE::MARTE_DesignModel::SRM::SW_ResourceCore::SwResource"/></stereotypesToApply></postAction><postAction displayKind="TextIconStereotype" displayPlace="Compartment" id="org.eclipse.papyrus.postaction.changeStereotypeDisplayProvider"/></aspectTool><separator id="Separator_1283172558865"/><aspectTool description="Create an element with a stereotype" iconpath="platform:/plugin/org.eclipse.uml2.uml.edit/icons/full/obj16/Class.gif" id="clazz.tool.class_1283172557162" name="Alarm (Class)" refToolId="clazz.tool.class"><postAction id="org.eclipse.papyrus.applystereotypeactionprovider"><stereotypesToApply><stereotype stereotypeName="MARTE::MARTE_DesignModel::SRM::SW_Concurrency::Alarm"/></stereotypesToApply></postAction><postAction displayKind="TextIconStereotype" displayPlace="Compartment" id="org.eclipse.papyrus.postaction.changeStereotypeDisplayProvider"/></aspectTool><aspectTool description="Create an element with a stereotype" iconpath="platform:/plugin/org.eclipse.uml2.uml.edit/icons/full/obj16/Class.gif" id="clazz.tool.class_1283172574544" name="InterruptResource (Class)" refToolId="clazz.tool.class"><postAction id="org.eclipse.papyrus.applystereotypeactionprovider"><stereotypesToApply><stereotype stereotypeName="MARTE::MARTE_DesignModel::SRM::SW_Concurrency::InterruptResource"/></stereotypesToApply></postAction><postAction displayKind="TextIconStereotype" displayPlace="Compartment" id="org.eclipse.papyrus.postaction.changeStereotypeDisplayProvider"/></aspectTool><aspectTool description="Create an element with a stereotype" iconpath="platform:/plugin/org.eclipse.uml2.uml.edit/icons/full/obj16/Class.gif" id="clazz.tool.class_1283172584258" name="MemoryPartition (Class)" refToolId="clazz.tool.class"><postAction id="org.eclipse.papyrus.applystereotypeactionprovider"><stereotypesToApply><stereotype stereotypeName="MARTE::MARTE_DesignModel::SRM::SW_Concurrency::MemoryPartition"/></stereotypesToApply></postAction><postAction displayKind="TextIconStereotype" displayPlace="Compartment" id="org.eclipse.papyrus.postaction.changeStereotypeDisplayProvider"/></aspectTool><aspectTool description="Create an element with a stereotype" iconpath="platform:/plugin/org.eclipse.uml2.uml.edit/icons/full/obj16/Class.gif" id="clazz.tool.class_1283172591288" name="SwConcurrentResource (Class)" refToolId="clazz.tool.class"><postAction id="org.eclipse.papyrus.applystereotypeactionprovider"><stereotypesToApply><stereotype stereotypeName="MARTE::MARTE_DesignModel::SRM::SW_Concurrency::SwConcurrentResource"/></stereotypesToApply></postAction><postAction displayKind="TextIconStereotype" displayPlace="Compartment" id="org.eclipse.papyrus.postaction.changeStereotypeDisplayProvider"/></aspectTool><aspectTool description="Create an element with a stereotype" iconpath="platform:/plugin/org.eclipse.uml2.uml.edit/icons/full/obj16/Class.gif" id="clazz.tool.class_1283172600630" name="SwSchedulableResource (Class)" refToolId="clazz.tool.class"><postAction id="org.eclipse.papyrus.applystereotypeactionprovider"><stereotypesToApply><stereotype stereotypeName="MARTE::MARTE_DesignModel::SRM::SW_Concurrency::SwSchedulableResource"/></stereotypesToApply></postAction><postAction displayKind="TextIconStereotype" displayPlace="Compartment" id="org.eclipse.papyrus.postaction.changeStereotypeDisplayProvider"/></aspectTool><aspectTool description="Create an element with a stereotype" iconpath="platform:/plugin/org.eclipse.uml2.uml.edit/icons/full/obj16/Class.gif" id="clazz.tool.class_1283172607817" name="SwTimerResource (Class)" refToolId="clazz.tool.class"><postAction id="org.eclipse.papyrus.applystereotypeactionprovider"><stereotypesToApply><stereotype stereotypeName="MARTE::MARTE_DesignModel::SRM::SW_Concurrency::SwTimerResource"/></stereotypesToApply></postAction><postAction displayKind="TextIconStereotype" displayPlace="Compartment" id="org.eclipse.papyrus.postaction.changeStereotypeDisplayProvider"/></aspectTool><separator id="Separator_1283172626188"/><aspectTool description="Create an element with a stereotype" iconpath="platform:/plugin/org.eclipse.uml2.uml.edit/icons/full/obj16/Class.gif" id="clazz.tool.class_1283172624470" name="DeviceBroker (Class)" refToolId="clazz.tool.class"><postAction id="org.eclipse.papyrus.applystereotypeactionprovider"><stereotypesToApply><stereotype stereotypeName="MARTE::MARTE_DesignModel::SRM::SW_Brokering::DeviceBroker"/></stereotypesToApply></postAction><postAction displayKind="TextIconStereotype" displayPlace="Compartment" id="org.eclipse.papyrus.postaction.changeStereotypeDisplayProvider"/></aspectTool><aspectTool description="Create an element with a stereotype" iconpath="platform:/plugin/org.eclipse.uml2.uml.edit/icons/full/obj16/Class.gif" id="clazz.tool.class_1283172633718" name="MemoryBroker (Class)" refToolId="clazz.tool.class"><postAction id="org.eclipse.papyrus.applystereotypeactionprovider"><stereotypesToApply><stereotype stereotypeName="MARTE::MARTE_DesignModel::SRM::SW_Brokering::MemoryBroker"/></stereotypesToApply></postAction><postAction displayKind="TextIconStereotype" displayPlace="Compartment" id="org.eclipse.papyrus.postaction.changeStereotypeDisplayProvider"/></aspectTool><separator id="Separator_1283172647107"/><aspectTool description="Create an element with a stereotype" iconpath="platform:/plugin/org.eclipse.uml2.uml.edit/icons/full/obj16/Class.gif" id="clazz.tool.class_1283172644857" name="MessageComResource (Class)" refToolId="clazz.tool.class"><postAction id="org.eclipse.papyrus.applystereotypeactionprovider"><stereotypesToApply><stereotype stereotypeName="MARTE::MARTE_DesignModel::SRM::SW_Interaction::MessageComResource"/></stereotypesToApply></postAction><postAction displayKind="TextIconStereotype" displayPlace="Compartment" id="org.eclipse.papyrus.postaction.changeStereotypeDisplayProvider"/></aspectTool><aspectTool description="Create an element with a stereotype" iconpath="platform:/plugin/org.eclipse.uml2.uml.edit/icons/full/obj16/Class.gif" id="clazz.tool.class_1283172653074" name="NotificationResource (Class)" refToolId="clazz.tool.class"><postAction id="org.eclipse.papyrus.applystereotypeactionprovider"><stereotypesToApply><stereotype stereotypeName="MARTE::MARTE_DesignModel::SRM::SW_Interaction::NotificationResource"/></stereotypesToApply></postAction><postAction displayKind="TextIconStereotype" displayPlace="Compartment" id="org.eclipse.papyrus.postaction.changeStereotypeDisplayProvider"/></aspectTool><aspectTool description="Create an element with a stereotype" iconpath="platform:/plugin/org.eclipse.uml2.uml.edit/icons/full/obj16/Class.gif" id="clazz.tool.class_1283172668400" name="SharedDataComResource (Class)" refToolId="clazz.tool.class"><postAction id="org.eclipse.papyrus.applystereotypeactionprovider"><stereotypesToApply><stereotype stereotypeName="MARTE::MARTE_DesignModel::SRM::SW_Interaction::SharedDataComResource"/></stereotypesToApply></postAction><postAction displayKind="TextIconStereotype" displayPlace="Compartment" id="org.eclipse.papyrus.postaction.changeStereotypeDisplayProvider"/></aspectTool><aspectTool description="Create an element with a stereotype" iconpath="platform:/plugin/org.eclipse.uml2.uml.edit/icons/full/obj16/Association.gif" id="clazz.tool.association_1283172675008" name="SwCommunicationResource (Association)" refToolId="clazz.tool.association"><postAction id="org.eclipse.papyrus.applystereotypeactionprovider"><stereotypesToApply><stereotype stereotypeName="MARTE::MARTE_DesignModel::SRM::SW_Interaction::SwCommunicationResource"/></stereotypesToApply></postAction><postAction displayKind="TextIconStereotype" displayPlace="Compartment" id="org.eclipse.papyrus.postaction.changeStereotypeDisplayProvider"/></aspectTool><aspectTool description="Create an element with a stereotype" iconpath="platform:/plugin/org.eclipse.uml2.uml.edit/icons/full/obj16/Class.gif" id="clazz.tool.class_1283172684335" name="SwInteractionResource (Class)" refToolId="clazz.tool.class"><postAction id="org.eclipse.papyrus.applystereotypeactionprovider"><stereotypesToApply><stereotype stereotypeName="MARTE::MARTE_DesignModel::SRM::SW_Interaction::SwInteractionResource"/></stereotypesToApply></postAction><postAction displayKind="TextIconStereotype" displayPlace="Compartment" id="org.eclipse.papyrus.postaction.changeStereotypeDisplayProvider"/></aspectTool><aspectTool description="Create an element with a stereotype" iconpath="platform:/plugin/org.eclipse.uml2.uml.edit/icons/full/obj16/Class.gif" id="clazz.tool.class_1283172690396" name="SwMutualExclusionResource (Class)" refToolId="clazz.tool.class"><postAction id="org.eclipse.papyrus.applystereotypeactionprovider"><stereotypesToApply><stereotype stereotypeName="MARTE::MARTE_DesignModel::SRM::SW_Interaction::SwMutualExclusionResource"/></stereotypesToApply></postAction><postAction displayKind="TextIconStereotype" displayPlace="Compartment" id="org.eclipse.papyrus.postaction.changeStereotypeDisplayProvider"/></aspectTool><aspectTool description="Create an element with a stereotype" iconpath="platform:/plugin/org.eclipse.uml2.uml.edit/icons/full/obj16/Class.gif" id="clazz.tool.class_1283172698488" name="SwSynchronizationResource (Class)" refToolId="clazz.tool.class"><postAction id="org.eclipse.papyrus.applystereotypeactionprovider"><stereotypesToApply><stereotype stereotypeName="MARTE::MARTE_DesignModel::SRM::SW_Interaction::SwSynchronizationResource"/></stereotypesToApply></postAction><postAction displayKind="TextIconStereotype" displayPlace="Compartment" id="org.eclipse.papyrus.postaction.changeStereotypeDisplayProvider"/></aspectTool></drawer></content></paletteDefinition>