<?xml version="1.0" encoding="UTF-8" standalone="no"?><paletteDefinition><content><drawer iconpath="/icons/drawer.gif" id="Drawer__1283167855165" name="MARTE/GRM"><aspectTool description="Create a Communication Media" iconpath="platform:/plugin/org.eclipse.uml2.uml.edit/icons/full/obj16/Association.gif" id="clazz.tool.association_1283168032244" name="CommunicationMedia" refToolId="clazz.tool.association"><postAction id="org.eclipse.papyrus.applystereotypeactionprovider"><stereotypesToApply><stereotype stereotypeName="MARTE::MARTE_Foundations::GRM::CommunicationMedia"/></stereotypesToApply></postAction></aspectTool><aspectTool description="Create a Computing Resource" iconpath="platform:/plugin/org.eclipse.uml2.uml.edit/icons/full/obj16/Class.gif" id="clazz.tool.class_1283168061634" name="ComputingResource" refToolId="clazz.tool.class"><postAction id="org.eclipse.papyrus.applystereotypeactionprovider"><stereotypesToApply><stereotype stereotypeName="MARTE::MARTE_Foundations::GRM::ComputingResource"/></stereotypesToApply></postAction></aspectTool><aspectTool description="Create a Scheduler" iconpath="platform:/plugin/org.eclipse.uml2.uml.edit/icons/full/obj16/Class.gif" id="clazz.tool.class_1283168129306" name="Scheduler" refToolId="clazz.tool.class"><postAction id="org.eclipse.papyrus.applystereotypeactionprovider"><stereotypesToApply><stereotype stereotypeName="MARTE::MARTE_Foundations::GRM::Scheduler"/></stereotypesToApply></postAction></aspectTool><aspectTool description="Create a Storage Resource" iconpath="platform:/plugin/org.eclipse.uml2.uml.edit/icons/full/obj16/Class.gif" id="clazz.tool.class_1283168151697" name="StorageResource" refToolId="clazz.tool.class"><postAction id="org.eclipse.papyrus.applystereotypeactionprovider"><stereotypesToApply><stereotype stereotypeName="MARTE::MARTE_Foundations::GRM::StorageResource"/></stereotypesToApply></postAction></aspectTool><aspectTool description="Create a Synchronization Resource" iconpath="platform:/plugin/org.eclipse.uml2.uml.edit/icons/full/obj16/Class.gif" id="clazz.tool.class_1283168175290" name="SynchronizationResource" refToolId="clazz.tool.class"><postAction id="org.eclipse.papyrus.applystereotypeactionprovider"><stereotypesToApply><stereotype stereotypeName="MARTE::MARTE_Foundations::GRM::SynchronizationResource"/></stereotypesToApply></postAction></aspectTool><aspectTool description="Create a TimerResource" iconpath="platform:/plugin/org.eclipse.uml2.uml.edit/icons/full/obj16/Class.gif" id="clazz.tool.class_1283168209397" name="TimerResource" refToolId="clazz.tool.class"><postAction id="org.eclipse.papyrus.applystereotypeactionprovider"><stereotypesToApply><stereotype stereotypeName="MARTE::MARTE_Foundations::GRM::TimerResource"/></stereotypesToApply></postAction></aspectTool><aspectTool description="Create a Timing Resource" iconpath="platform:/plugin/org.eclipse.uml2.uml.edit/icons/full/obj16/Class.gif" id="clazz.tool.class_1283168274356" name="TimingResource" refToolId="clazz.tool.class"><postAction id="org.eclipse.papyrus.applystereotypeactionprovider"><stereotypesToApply><stereotype stereotypeName="MARTE::MARTE_Foundations::GRM::TimingResource"/></stereotypesToApply></postAction></aspectTool><aspectTool description="Create a Schedulable Resource" iconpath="platform:/plugin/org.eclipse.uml2.uml.edit/icons/full/obj16/Class.gif" id="clazz.tool.class_1283168314602" name="SchedulableResource" refToolId="clazz.tool.class"><postAction id="org.eclipse.papyrus.applystereotypeactionprovider"><stereotypesToApply><stereotype stereotypeName="MARTE::MARTE_Foundations::GRM::SchedulableResource"/></stereotypesToApply></postAction></aspectTool><aspectTool description="Create a Processing Resource" iconpath="platform:/plugin/org.eclipse.uml2.uml.edit/icons/full/obj16/Class.gif" id="clazz.tool.class_1283168358064" name="ProcessingResource" refToolId="clazz.tool.class"><postAction id="org.eclipse.papyrus.applystereotypeactionprovider"><stereotypesToApply><stereotype stereotypeName="MARTE::MARTE_Foundations::GRM::ProcessingResource"/></stereotypesToApply></postAction></aspectTool><aspectTool description="Create a Concurrency Resource" iconpath="platform:/plugin/org.eclipse.uml2.uml.edit/icons/full/obj16/Class.gif" id="clazz.tool.class_1283168405086" name="ConcurrencyResource" refToolId="clazz.tool.class"><postAction id="org.eclipse.papyrus.applystereotypeactionprovider"><stereotypesToApply><stereotype stereotypeName="MARTE::MARTE_Foundations::GRM::ConcurrencyResource"/></stereotypesToApply></postAction></aspectTool></drawer></content></paletteDefinition>