<?xml version="1.0" encoding="UTF-8" standalone="no"?><paletteDefinition><content><drawer iconpath="/icons/drawer.gif" id="Drawer__1282925702906" name="MARTE/NFPs"><aspectTool description="Create a Dimension" iconpath="platform:/plugin/org.eclipse.uml2.uml.edit/icons/full/obj16/Enumeration.gif" id="clazz.tool.enumeration_1282925816870" name="Dimension" refToolId="clazz.tool.enumeration"><postAction id="org.eclipse.papyrus.applystereotypeactionprovider"><stereotypesToApply><stereotype stereotypeName="MARTE::MARTE_Foundations::NFPs::Dimension"/></stereotypesToApply></postAction></aspectTool><aspectTool description="Create a NFP Property" iconpath="platform:/plugin/org.eclipse.uml2.uml.edit/icons/full/obj16/Property.gif" id="clazz.tool.property_1282926032253" name="Nfp" refToolId="clazz.tool.property"><postAction id="org.eclipse.papyrus.applystereotypeactionprovider"><stereotypesToApply><stereotype stereotypeName="MARTE::MARTE_Foundations::NFPs::Nfp"/></stereotypesToApply></postAction></aspectTool><aspectTool description="Create a NFP Constraint" iconpath="platform:/plugin/org.eclipse.uml2.uml.edit/icons/full/obj16/Constraint.gif" id="clazz.tool.constraint_1282926036565" name="NfpConstraint" refToolId="clazz.tool.constraint"><postAction id="org.eclipse.papyrus.applystereotypeactionprovider"><stereotypesToApply><stereotype stereotypeName="MARTE::MARTE_Foundations::NFPs::NfpConstraint"/></stereotypesToApply></postAction></aspectTool><aspectTool description="Create a NFP Data Type" iconpath="platform:/plugin/org.eclipse.uml2.uml.edit/icons/full/obj16/DataType.gif" id="clazz.tool.datatype_1282926044549" name="NfpDataType" refToolId="clazz.tool.datatype"><postAction id="org.eclipse.papyrus.applystereotypeactionprovider"><stereotypesToApply><stereotype stereotypeName="MARTE::MARTE_Foundations::NFPs::NfpType"/></stereotypesToApply></postAction></aspectTool><aspectTool description="Create a NFP Primitive Type" iconpath="platform:/plugin/org.eclipse.uml2.uml.edit/icons/full/obj16/PrimitiveType.gif" id="clazz.tool.primitivetype_1282926067876" name="NfpPrimitiveType" refToolId="clazz.tool.primitivetype"><postAction id="org.eclipse.papyrus.applystereotypeactionprovider"><stereotypesToApply><stereotype stereotypeName="MARTE::MARTE_Foundations::NFPs::NfpType"/></stereotypesToApply></postAction></aspectTool><aspectTool description="Create a Unit Enum Literal" iconpath="platform:/plugin/org.eclipse.uml2.uml.edit/icons/full/obj16/EnumerationLiteral.gif" id="clazz.tool.enumerationliteral_1282926070345" name="Unit" refToolId="clazz.tool.enumerationliteral"><postAction id="org.eclipse.papyrus.applystereotypeactionprovider"><stereotypesToApply><stereotype stereotypeName="MARTE::MARTE_Foundations::NFPs::Unit"/></stereotypesToApply></postAction></aspectTool><aspectTool description="Create a NFP Enumeration Type" iconpath="platform:/plugin/org.eclipse.uml2.uml.edit/icons/full/obj16/Enumeration.gif" id="clazz.tool.enumeration_1282926105844" name="NfpEnumerationType" refToolId="clazz.tool.enumeration"><postAction id="org.eclipse.papyrus.applystereotypeactionprovider"><stereotypesToApply><stereotype stereotypeName="MARTE::MARTE_Foundations::NFPs::NfpType"/></stereotypesToApply></postAction></aspectTool></drawer></content></paletteDefinition>