<?xml version="1.0" encoding="UTF-8" standalone="no"?><paletteDefinition><content><drawer iconpath="/icons/drawer.gif" id="Drawer__1283170238426" name="MARTE/HRM"><aspectTool description="Create an element with a stereotype" iconpath="platform:/plugin/org.eclipse.uml2.uml.edit/icons/full/obj16/Class.gif" id="clazz.tool.class_1283170312022" name="HwASIC (Class)" refToolId="clazz.tool.class"><postAction id="org.eclipse.papyrus.applystereotypeactionprovider"><stereotypesToApply><stereotype stereotypeName="MARTE::MARTE_DesignModel::HRM::HwLogical::HwComputing::HwASIC"/></stereotypesToApply></postAction><postAction displayKind="TextIconStereotype" displayPlace="Compartment" id="org.eclipse.papyrus.postaction.changeStereotypeDisplayProvider"/></aspectTool><aspectTool description="Create an element with a stereotype" iconpath="platform:/plugin/org.eclipse.uml2.uml.edit/icons/full/obj16/Class.gif" id="clazz.tool.class_1283170319389" name="HwBranchPredictor (Class)" refToolId="clazz.tool.class"><postAction id="org.eclipse.papyrus.applystereotypeactionprovider"><stereotypesToApply><stereotype stereotypeName="MARTE::MARTE_DesignModel::HRM::HwLogical::HwComputing::HwBranchPredictor"/></stereotypesToApply></postAction><postAction displayKind="TextIconStereotype" displayPlace="Compartment" id="org.eclipse.papyrus.postaction.changeStereotypeDisplayProvider"/></aspectTool><aspectTool description="Create an element with a stereotype" iconpath="platform:/plugin/org.eclipse.uml2.uml.edit/icons/full/obj16/Class.gif" id="clazz.tool.class_1283170325973" name="HwComputingResource (Class)" refToolId="clazz.tool.class"><postAction id="org.eclipse.papyrus.applystereotypeactionprovider"><stereotypesToApply><stereotype stereotypeName="MARTE::MARTE_DesignModel::HRM::HwLogical::HwComputing::HwComputingResource"/></stereotypesToApply></postAction><postAction displayKind="TextIconStereotype" displayPlace="Compartment" id="org.eclipse.papyrus.postaction.changeStereotypeDisplayProvider"/></aspectTool><aspectTool description="Create an element with a stereotype" iconpath="platform:/plugin/org.eclipse.uml2.uml.edit/icons/full/obj16/Class.gif" id="clazz.tool.class_1283170330634" name="HwISA (Class)" refToolId="clazz.tool.class"><postAction id="org.eclipse.papyrus.applystereotypeactionprovider"><stereotypesToApply><stereotype stereotypeName="MARTE::MARTE_DesignModel::HRM::HwLogical::HwComputing::HwISA"/></stereotypesToApply></postAction><postAction displayKind="TextIconStereotype" displayPlace="Compartment" id="org.eclipse.papyrus.postaction.changeStereotypeDisplayProvider"/></aspectTool><aspectTool description="Create an element with a stereotype" iconpath="platform:/plugin/org.eclipse.uml2.uml.edit/icons/full/obj16/Class.gif" id="clazz.tool.class_1283170334685" name="HwPLD (Class)" refToolId="clazz.tool.class"><postAction id="org.eclipse.papyrus.applystereotypeactionprovider"><stereotypesToApply><stereotype stereotypeName="MARTE::MARTE_DesignModel::HRM::HwLogical::HwComputing::HwPLD"/></stereotypesToApply></postAction><postAction displayKind="TextIconStereotype" displayPlace="Compartment" id="org.eclipse.papyrus.postaction.changeStereotypeDisplayProvider"/></aspectTool><aspectTool description="Create an element with a stereotype" iconpath="platform:/plugin/org.eclipse.uml2.uml.edit/icons/full/obj16/Class.gif" id="clazz.tool.class_1283170340143" name="HwProcessor (Class)" refToolId="clazz.tool.class"><postAction id="org.eclipse.papyrus.applystereotypeactionprovider"><stereotypesToApply><stereotype stereotypeName="MARTE::MARTE_DesignModel::HRM::HwLogical::HwComputing::HwProcessor"/></stereotypesToApply></postAction><postAction displayKind="TextIconStereotype" displayPlace="Compartment" id="org.eclipse.papyrus.postaction.changeStereotypeDisplayProvider"/></aspectTool><separator id="Separator_1283170364620"/><aspectTool description="Create an element with a stereotype" iconpath="platform:/plugin/org.eclipse.uml2.uml.edit/icons/full/obj16/Class.gif" id="clazz.tool.class_1283170355095" name="HwArbiter (Class)" refToolId="clazz.tool.class"><postAction id="org.eclipse.papyrus.applystereotypeactionprovider"><stereotypesToApply><stereotype stereotypeName="MARTE::MARTE_DesignModel::HRM::HwLogical::HwCommunication::HwArbiter"/></stereotypesToApply></postAction><postAction displayKind="TextIconStereotype" displayPlace="Compartment" id="org.eclipse.papyrus.postaction.changeStereotypeDisplayProvider"/></aspectTool><aspectTool description="Create an element with a stereotype" iconpath="platform:/plugin/org.eclipse.uml2.uml.edit/icons/full/obj16/Association.gif" id="clazz.tool.association_1283170383013" name="HwBridge (Association)" refToolId="clazz.tool.association"><postAction id="org.eclipse.papyrus.applystereotypeactionprovider"><stereotypesToApply><stereotype stereotypeName="MARTE::MARTE_DesignModel::HRM::HwLogical::HwCommunication::HwBridge"/></stereotypesToApply></postAction><postAction displayKind="TextIconStereotype" displayPlace="Compartment" id="org.eclipse.papyrus.postaction.changeStereotypeDisplayProvider"/></aspectTool><aspectTool description="Create an element with a stereotype" iconpath="platform:/plugin/org.eclipse.uml2.uml.edit/icons/full/obj16/Association.gif" id="clazz.tool.association_1283170388956" name="HwBus (Association)" refToolId="clazz.tool.association"><postAction id="org.eclipse.papyrus.applystereotypeactionprovider"><stereotypesToApply><stereotype stereotypeName="MARTE::MARTE_DesignModel::HRM::HwLogical::HwCommunication::HwBus"/></stereotypesToApply></postAction><postAction displayKind="TextIconStereotype" displayPlace="Compartment" id="org.eclipse.papyrus.postaction.changeStereotypeDisplayProvider"/></aspectTool><aspectTool description="Create an element with a stereotype" iconpath="platform:/plugin/org.eclipse.uml2.uml.edit/icons/full/obj16/Association.gif" id="clazz.tool.association_1283170397480" name="HwCommunicationResource (Association)" refToolId="clazz.tool.association"><postAction id="org.eclipse.papyrus.applystereotypeactionprovider"><stereotypesToApply><stereotype stereotypeName="MARTE::MARTE_DesignModel::HRM::HwLogical::HwCommunication::HwCommunicationResource"/></stereotypesToApply></postAction><postAction displayKind="TextIconStereotype" displayPlace="Compartment" id="org.eclipse.papyrus.postaction.changeStereotypeDisplayProvider"/></aspectTool><aspectTool description="Create an element with a stereotype" iconpath="platform:/plugin/org.eclipse.uml2.uml.edit/icons/full/obj16/Association.gif" id="clazz.tool.association_1283170409085" name="HwMedia (Association)" refToolId="clazz.tool.association"><postAction id="org.eclipse.papyrus.applystereotypeactionprovider"><stereotypesToApply><stereotype stereotypeName="MARTE::MARTE_DesignModel::HRM::HwLogical::HwCommunication::HwMedia"/></stereotypesToApply></postAction><postAction displayKind="TextIconStereotype" displayPlace="Compartment" id="org.eclipse.papyrus.postaction.changeStereotypeDisplayProvider"/></aspectTool><separator id="Separator_1283325927598"/><aspectTool description="Create an element with a stereotype" iconpath="platform:/plugin/org.eclipse.uml2.uml.edit/icons/full/obj16/Class.gif" id="clazz.tool.class_1283325924504" name="HwClock (Class)" refToolId="clazz.tool.class"><postAction id="org.eclipse.papyrus.applystereotypeactionprovider"><stereotypesToApply><stereotype stereotypeName="MARTE::MARTE_DesignModel::HRM::HwLogical::HwTiming::HwClock"/></stereotypesToApply></postAction><postAction displayKind="TextIconStereotype" displayPlace="Compartment" id="org.eclipse.papyrus.postaction.changeStereotypeDisplayProvider"/></aspectTool><aspectTool description="Create an element with a stereotype" iconpath="platform:/plugin/org.eclipse.uml2.uml.edit/icons/full/obj16/Class.gif" id="clazz.tool.class_1283325956347" name="HwTimer (Class)" refToolId="clazz.tool.class"><postAction id="org.eclipse.papyrus.applystereotypeactionprovider"><stereotypesToApply><stereotype stereotypeName="MARTE::MARTE_DesignModel::HRM::HwLogical::HwTiming::HwTimer"/></stereotypesToApply></postAction><postAction displayKind="TextIconStereotype" displayPlace="Compartment" id="org.eclipse.papyrus.postaction.changeStereotypeDisplayProvider"/></aspectTool><aspectTool description="Create an element with a stereotype" iconpath="platform:/plugin/org.eclipse.uml2.uml.edit/icons/full/obj16/Class.gif" id="clazz.tool.class_1283325981191" name="HwTimingResource (Class)" refToolId="clazz.tool.class"><postAction id="org.eclipse.papyrus.applystereotypeactionprovider"><stereotypesToApply><stereotype stereotypeName="MARTE::MARTE_DesignModel::HRM::HwLogical::HwTiming::HwTimingResource"/></stereotypesToApply></postAction><postAction displayKind="TextIconStereotype" displayPlace="Compartment" id="org.eclipse.papyrus.postaction.changeStereotypeDisplayProvider"/></aspectTool><separator id="Separator_1283326117205"/><aspectTool description="Create an element with a stereotype" iconpath="platform:/plugin/org.eclipse.uml2.uml.edit/icons/full/obj16/Class.gif" id="clazz.tool.class_1283326075846" name="HWActuator (Class)" refToolId="clazz.tool.class"><postAction id="org.eclipse.papyrus.applystereotypeactionprovider"><stereotypesToApply><stereotype stereotypeName="MARTE::MARTE_DesignModel::HRM::HwLogical::HwDevice::HWActuator"/></stereotypesToApply></postAction><postAction displayKind="TextIconStereotype" displayPlace="Compartment" id="org.eclipse.papyrus.postaction.changeStereotypeDisplayProvider"/></aspectTool><aspectTool description="Create an element with a stereotype" iconpath="platform:/plugin/org.eclipse.uml2.uml.edit/icons/full/obj16/Class.gif" id="clazz.tool.class_1283326081111" name="HWSensor (Class)" refToolId="clazz.tool.class"><postAction id="org.eclipse.papyrus.applystereotypeactionprovider"><stereotypesToApply><stereotype stereotypeName="MARTE::MARTE_DesignModel::HRM::HwLogical::HwDevice::HWSensor"/></stereotypesToApply></postAction><postAction displayKind="TextIconStereotype" displayPlace="Compartment" id="org.eclipse.papyrus.postaction.changeStereotypeDisplayProvider"/></aspectTool><aspectTool description="Create an element with a stereotype" iconpath="platform:/plugin/org.eclipse.uml2.uml.edit/icons/full/obj16/Class.gif" id="clazz.tool.class_1283326092127" name="HwDevice (Class)" refToolId="clazz.tool.class"><postAction id="org.eclipse.papyrus.applystereotypeactionprovider"><stereotypesToApply><stereotype stereotypeName="MARTE::MARTE_DesignModel::HRM::HwLogical::HwDevice::HwDevice"/></stereotypesToApply></postAction><postAction displayKind="TextIconStereotype" displayPlace="Compartment" id="org.eclipse.papyrus.postaction.changeStereotypeDisplayProvider"/></aspectTool><aspectTool description="Create an element with a stereotype" iconpath="platform:/plugin/org.eclipse.uml2.uml.edit/icons/full/obj16/Class.gif" id="clazz.tool.class_1283326098970" name="HwI_O (Class)" refToolId="clazz.tool.class"><postAction id="org.eclipse.papyrus.applystereotypeactionprovider"><stereotypesToApply><stereotype stereotypeName="MARTE::MARTE_DesignModel::HRM::HwLogical::HwDevice::HwI_O"/></stereotypesToApply></postAction><postAction displayKind="TextIconStereotype" displayPlace="Compartment" id="org.eclipse.papyrus.postaction.changeStereotypeDisplayProvider"/></aspectTool><aspectTool description="Create an element with a stereotype" iconpath="platform:/plugin/org.eclipse.uml2.uml.edit/icons/full/obj16/Class.gif" id="clazz.tool.class_1283326106658" name="HwSupport (Class)" refToolId="clazz.tool.class"><postAction id="org.eclipse.papyrus.applystereotypeactionprovider"><stereotypesToApply><stereotype stereotypeName="MARTE::MARTE_DesignModel::HRM::HwLogical::HwDevice::HwSupport"/></stereotypesToApply></postAction><postAction displayKind="TextIconStereotype" displayPlace="Compartment" id="org.eclipse.papyrus.postaction.changeStereotypeDisplayProvider"/></aspectTool><separator id="Separator_1283326140767"/><aspectTool description="Create an element with a stereotype" iconpath="platform:/plugin/org.eclipse.uml2.uml.edit/icons/full/obj16/Class.gif" id="clazz.tool.class_1283326134345" name="HwCache (Class)" refToolId="clazz.tool.class"><postAction id="org.eclipse.papyrus.applystereotypeactionprovider"><stereotypesToApply><stereotype stereotypeName="MARTE::MARTE_DesignModel::HRM::HwLogical::HwStorage::HwMemory::HwCache"/></stereotypesToApply></postAction><postAction displayKind="TextIconStereotype" displayPlace="Compartment" id="org.eclipse.papyrus.postaction.changeStereotypeDisplayProvider"/></aspectTool><aspectTool description="Create an element with a stereotype" iconpath="platform:/plugin/org.eclipse.uml2.uml.edit/icons/full/obj16/Class.gif" id="clazz.tool.class_1283326147392" name="HwDrive (Class)" refToolId="clazz.tool.class"><postAction id="org.eclipse.papyrus.applystereotypeactionprovider"><stereotypesToApply><stereotype stereotypeName="MARTE::MARTE_DesignModel::HRM::HwLogical::HwStorage::HwMemory::HwDrive"/></stereotypesToApply></postAction><postAction displayKind="TextIconStereotype" displayPlace="Compartment" id="org.eclipse.papyrus.postaction.changeStereotypeDisplayProvider"/></aspectTool><aspectTool description="Create an element with a stereotype" iconpath="platform:/plugin/org.eclipse.uml2.uml.edit/icons/full/obj16/Class.gif" id="clazz.tool.class_1283326152048" name="HwMemory (Class)" refToolId="clazz.tool.class"><postAction id="org.eclipse.papyrus.applystereotypeactionprovider"><stereotypesToApply><stereotype stereotypeName="MARTE::MARTE_DesignModel::HRM::HwLogical::HwStorage::HwMemory::HwMemory"/></stereotypesToApply></postAction><postAction displayKind="TextIconStereotype" displayPlace="Compartment" id="org.eclipse.papyrus.postaction.changeStereotypeDisplayProvider"/></aspectTool><aspectTool description="Create an element with a stereotype" iconpath="platform:/plugin/org.eclipse.uml2.uml.edit/icons/full/obj16/Class.gif" id="clazz.tool.class_1283326157173" name="HwRAM (Class)" refToolId="clazz.tool.class"><postAction id="org.eclipse.papyrus.applystereotypeactionprovider"><stereotypesToApply><stereotype stereotypeName="MARTE::MARTE_DesignModel::HRM::HwLogical::HwStorage::HwMemory::HwRAM"/></stereotypesToApply></postAction><postAction displayKind="TextIconStereotype" displayPlace="Compartment" id="org.eclipse.papyrus.postaction.changeStereotypeDisplayProvider"/></aspectTool><aspectTool description="Create an element with a stereotype" iconpath="platform:/plugin/org.eclipse.uml2.uml.edit/icons/full/obj16/Class.gif" id="clazz.tool.class_1283326161845" name="HwROM (Class)" refToolId="clazz.tool.class"><postAction id="org.eclipse.papyrus.applystereotypeactionprovider"><stereotypesToApply><stereotype stereotypeName="MARTE::MARTE_DesignModel::HRM::HwLogical::HwStorage::HwMemory::HwROM"/></stereotypesToApply></postAction><postAction displayKind="TextIconStereotype" displayPlace="Compartment" id="org.eclipse.papyrus.postaction.changeStereotypeDisplayProvider"/></aspectTool><separator id="Separator_1283326201344"/><aspectTool description="Create an element with a stereotype" iconpath="platform:/plugin/org.eclipse.uml2.uml.edit/icons/full/obj16/Class.gif" id="clazz.tool.class_1283326172313" name="HwDMA (Class)" refToolId="clazz.tool.class"><postAction id="org.eclipse.papyrus.applystereotypeactionprovider"><stereotypesToApply><stereotype stereotypeName="MARTE::MARTE_DesignModel::HRM::HwLogical::HwStorage::HwStorageManager::HwDMA"/></stereotypesToApply></postAction><postAction displayKind="TextIconStereotype" displayPlace="Compartment" id="org.eclipse.papyrus.postaction.changeStereotypeDisplayProvider"/></aspectTool><aspectTool description="Create an element with a stereotype" iconpath="platform:/plugin/org.eclipse.uml2.uml.edit/icons/full/obj16/Class.gif" id="clazz.tool.class_1283326178798" name="HwMMU (Class)" refToolId="clazz.tool.class"><postAction id="org.eclipse.papyrus.applystereotypeactionprovider"><stereotypesToApply><stereotype stereotypeName="MARTE::MARTE_DesignModel::HRM::HwLogical::HwStorage::HwStorageManager::HwMMU"/></stereotypesToApply></postAction><postAction displayKind="TextIconStereotype" displayPlace="Compartment" id="org.eclipse.papyrus.postaction.changeStereotypeDisplayProvider"/></aspectTool><aspectTool description="Create an element with a stereotype" iconpath="platform:/plugin/org.eclipse.uml2.uml.edit/icons/full/obj16/Class.gif" id="clazz.tool.class_1283326190157" name="HwStorageManager (Class)" refToolId="clazz.tool.class"><postAction id="org.eclipse.papyrus.applystereotypeactionprovider"><stereotypesToApply><stereotype stereotypeName="MARTE::MARTE_DesignModel::HRM::HwLogical::HwStorage::HwStorageManager::HwStorageManager"/></stereotypesToApply></postAction><postAction displayKind="TextIconStereotype" displayPlace="Compartment" id="org.eclipse.papyrus.postaction.changeStereotypeDisplayProvider"/></aspectTool><separator id="Separator_1283326231000"/><aspectTool description="Create an element with a stereotype" iconpath="platform:/plugin/org.eclipse.uml2.uml.edit/icons/full/obj16/Class.gif" id="clazz.tool.class_1283326220953" name="HwComponent (Class)" refToolId="clazz.tool.class"><postAction id="org.eclipse.papyrus.applystereotypeactionprovider"><stereotypesToApply><stereotype stereotypeName="MARTE::MARTE_DesignModel::HRM::HwPhysical::HwLayout::HwComponent"/></stereotypesToApply></postAction><postAction displayKind="TextIconStereotype" displayPlace="Compartment" id="org.eclipse.papyrus.postaction.changeStereotypeDisplayProvider"/></aspectTool><separator id="Separator_1283326249797"/><aspectTool description="Create an element with a stereotype" iconpath="platform:/plugin/org.eclipse.uml2.uml.edit/icons/full/obj16/Class.gif" id="clazz.tool.class_1283326241406" name="HwCoolingSupply (Class)" refToolId="clazz.tool.class"><postAction id="org.eclipse.papyrus.applystereotypeactionprovider"><stereotypesToApply><stereotype stereotypeName="MARTE::MARTE_DesignModel::HRM::HwPhysical::HwPower::HwCoolingSupply"/></stereotypesToApply></postAction><postAction displayKind="TextIconStereotype" displayPlace="Compartment" id="org.eclipse.papyrus.postaction.changeStereotypeDisplayProvider"/></aspectTool><aspectTool description="Create an element with a stereotype" iconpath="platform:/plugin/org.eclipse.uml2.uml.edit/icons/full/obj16/Class.gif" id="clazz.tool.class_1283326246906" name="HwPowerSupply (Class)" refToolId="clazz.tool.class"><postAction id="org.eclipse.papyrus.applystereotypeactionprovider"><stereotypesToApply><stereotype stereotypeName="MARTE::MARTE_DesignModel::HRM::HwPhysical::HwPower::HwPowerSupply"/></stereotypesToApply></postAction><postAction displayKind="TextIconStereotype" displayPlace="Compartment" id="org.eclipse.papyrus.postaction.changeStereotypeDisplayProvider"/></aspectTool><separator id="Separator_1283326275531"/><aspectTool description="Create an element with a stereotype" iconpath="platform:/plugin/org.eclipse.uml2.uml.edit/icons/full/obj16/Class.gif" id="clazz.tool.class_1283326264906" name="HwResource (Class)" refToolId="clazz.tool.class"><postAction id="org.eclipse.papyrus.applystereotypeactionprovider"><stereotypesToApply><stereotype stereotypeName="MARTE::MARTE_DesignModel::HRM::HwGeneral::HwResource"/></stereotypesToApply></postAction><postAction displayKind="TextIconStereotype" displayPlace="Compartment" id="org.eclipse.papyrus.postaction.changeStereotypeDisplayProvider"/></aspectTool><aspectTool description="Create an element with a stereotype" iconpath="platform:/plugin/org.eclipse.uml2.uml.edit/icons/full/obj16/Operation.gif" id="clazz.tool.operation_1283326271937" name="HwResourceService (Operation)" refToolId="clazz.tool.operation"><postAction id="org.eclipse.papyrus.applystereotypeactionprovider"><stereotypesToApply><stereotype stereotypeName="MARTE::MARTE_DesignModel::HRM::HwGeneral::HwResourceService"/></stereotypesToApply></postAction></aspectTool></drawer></content></paletteDefinition>