<?xml version="1.0" encoding="UTF-8" standalone="no"?><paletteDefinition><content><drawer iconpath="/icons/drawer.gif" id="Drawer__1283168643910" name="MARTE/GCM"><aspectTool description="Create a Client Server Specification" iconpath="platform:/plugin/org.eclipse.uml2.uml.edit/icons/full/obj16/Interface.gif" id="clazz.tool.interface_1283169286933" name="ClientServerSpecification" refToolId="clazz.tool.interface"><postAction id="org.eclipse.papyrus.applystereotypeactionprovider"><stereotypesToApply><stereotype stereotypeName="MARTE::MARTE_DesignModel::GCM::ClientServerSpecification"/></stereotypesToApply></postAction></aspectTool><aspectTool description="Create a Flow Specification" iconpath="platform:/plugin/org.eclipse.uml2.uml.edit/icons/full/obj16/Interface.gif" id="clazz.tool.interface_1283169337014" name="FlowSpecification" refToolId="clazz.tool.interface"><postAction id="org.eclipse.papyrus.applystereotypeactionprovider"><stereotypesToApply><stereotype stereotypeName="MARTE::MARTE_DesignModel::GCM::FlowSpecification"/></stereotypesToApply></postAction></aspectTool><separator id="Separator_1283169405747"/><aspectTool description="Create a Client Server Feature Operation" iconpath="platform:/plugin/org.eclipse.uml2.uml.edit/icons/full/obj16/Operation.gif" id="clazz.tool.operation_1283169398624" name="ClientServerFeature Operation" refToolId="clazz.tool.operation"><postAction id="org.eclipse.papyrus.applystereotypeactionprovider"><stereotypesToApply><stereotype stereotypeName="MARTE::MARTE_DesignModel::GCM::ClientServerFeature"/></stereotypesToApply></postAction><postAction displayKind="TextIconStereotype" displayPlace="Compartment" id="org.eclipse.papyrus.postaction.changeStereotypeDisplayProvider"/></aspectTool><aspectTool description="Create a Client Server Feature Reception" iconpath="platform:/plugin/org.eclipse.uml2.uml.edit/icons/full/obj16/Reception.gif" id="clazz.tool.reception_1283169433459" name="ClientServerFeature Reception" refToolId="clazz.tool.reception"><postAction id="org.eclipse.papyrus.applystereotypeactionprovider"><stereotypesToApply><stereotype stereotypeName="MARTE::MARTE_DesignModel::GCM::ClientServerFeature"/></stereotypesToApply></postAction></aspectTool><aspectTool description="Create a Flow Property" iconpath="platform:/plugin/org.eclipse.uml2.uml.edit/icons/full/obj16/Property.gif" id="clazz.tool.property_1283169470028" name="FlowProperty" refToolId="clazz.tool.property"><postAction id="org.eclipse.papyrus.applystereotypeactionprovider"><stereotypesToApply><stereotype stereotypeName="MARTE::MARTE_DesignModel::GCM::FlowProperty"/></stereotypesToApply></postAction></aspectTool></drawer></content></paletteDefinition>