<?xml version="1.0" encoding="UTF-8" standalone="no"?><paletteDefinition><content><drawer iconpath="/icons/drawer.gif" id="Drawer__1283170106644" name="MARTE/HLAM"><aspectTool description="Create an element with a stereotype" iconpath="platform:/plugin/org.eclipse.uml2.uml.edit/icons/full/obj16/Class.gif" id="clazz.tool.class_1283170147994" name="PpUnit (Class)" refToolId="clazz.tool.class"><postAction id="org.eclipse.papyrus.applystereotypeactionprovider"><stereotypesToApply><stereotype stereotypeName="MARTE::MARTE_DesignModel::HLAM::PpUnit"/></stereotypesToApply></postAction></aspectTool><aspectTool description="Create an element with a stereotype" iconpath="platform:/plugin/org.eclipse.uml2.uml.edit/icons/full/obj16/Class.gif" id="clazz.tool.class_1283170156102" name="RtUnit (Class)" refToolId="clazz.tool.class"><postAction id="org.eclipse.papyrus.applystereotypeactionprovider"><stereotypesToApply><stereotype stereotypeName="MARTE::MARTE_DesignModel::HLAM::RtUnit"/></stereotypesToApply></postAction></aspectTool><aspectTool description="Create an element with a stereotype" iconpath="platform:/plugin/org.eclipse.uml2.uml.edit/icons/full/obj16/Comment.gif" id="clazz.tool.comment_1283170190141" name="RtSpecification (Comment)" refToolId="clazz.tool.comment"><postAction id="org.eclipse.papyrus.applystereotypeactionprovider"><stereotypesToApply><stereotype stereotypeName="MARTE::MARTE_DesignModel::HLAM::RtSpecification"/></stereotypesToApply></postAction></aspectTool><separator id="Separator_1283170202872"/><aspectTool description="Create an element with a stereotype" iconpath="platform:/plugin/org.eclipse.uml2.uml.edit/icons/full/obj16/Operation.gif" id="clazz.tool.operation_1283170200217" name="RtFeature (Operation)" refToolId="clazz.tool.operation"><postAction id="org.eclipse.papyrus.applystereotypeactionprovider"><stereotypesToApply><stereotype stereotypeName="MARTE::MARTE_DesignModel::HLAM::RtFeature"/></stereotypesToApply></postAction></aspectTool><aspectTool description="Create an element with a stereotype" iconpath="platform:/plugin/org.eclipse.uml2.uml.edit/icons/full/obj16/Operation.gif" id="clazz.tool.operation_1283170214213" name="RtService (Operation)" refToolId="clazz.tool.operation"><postAction id="org.eclipse.papyrus.applystereotypeactionprovider"><stereotypesToApply><stereotype stereotypeName="MARTE::MARTE_DesignModel::HLAM::RtService"/></stereotypesToApply></postAction></aspectTool></drawer></content></paletteDefinition>