<?xml version="1.0" encoding="UTF-8" standalone="no"?><paletteDefinition><content><drawer iconpath="/icons/drawer.gif" id="Drawer__1283167207545" name="MARTE/Alloc"><aspectTool description="Create an Allocate link" iconpath="platform:/plugin/org.eclipse.uml2.uml.edit/icons/full/obj16/Abstraction.gif" id="clazz.tool.abstraction_1283167259234" name="Allocate" refToolId="clazz.tool.abstraction"><postAction id="org.eclipse.papyrus.applystereotypeactionprovider"><stereotypesToApply><stereotype stereotypeName="MARTE::MARTE_Foundations::Alloc::Allocate"/></stereotypesToApply></postAction></aspectTool><aspectTool description="Create an Assign element" iconpath="platform:/plugin/org.eclipse.uml2.uml.edit/icons/full/obj16/Comment.gif" id="clazz.tool.comment_1283167299892" name="Assign" refToolId="clazz.tool.comment"><postAction id="org.eclipse.papyrus.applystereotypeactionprovider"><stereotypesToApply><stereotype stereotypeName="MARTE::MARTE_Foundations::Alloc::Assign"/></stereotypesToApply></postAction></aspectTool><aspectTool description="Create a NfpRefinement link" iconpath="platform:/plugin/org.eclipse.uml2.uml.edit/icons/full/obj16/Abstraction.gif" id="clazz.tool.abstraction_1283167365332" name="NfpRefine" refToolId="clazz.tool.abstraction"><postAction id="org.eclipse.papyrus.applystereotypeactionprovider"><stereotypesToApply><stereotype stereotypeName="MARTE::MARTE_Foundations::Alloc::NfpRefine"/></stereotypesToApply></postAction></aspectTool></drawer></content></paletteDefinition>