<?xml version="1.0" encoding="UTF-8" standalone="no"?><paletteDefinition><content><drawer iconpath="/icons/drawer.gif" id="Drawer__1283167469067" name="MARTE/Time"><aspectTool description="Create a Clock" iconpath="platform:/plugin/org.eclipse.uml2.uml.edit/icons/full/obj16/InstanceSpecification.gif" id="clazz.tool.instancespecification_1283167543240" name="Clock" refToolId="clazz.tool.instancespecification"><postAction id="org.eclipse.papyrus.applystereotypeactionprovider"><stereotypesToApply><stereotype stereotypeName="MARTE::MARTE_Foundations::Time::Clock"/></stereotypesToApply></postAction></aspectTool><aspectTool description="Create a Clock Constraint" iconpath="platform:/plugin/org.eclipse.uml2.uml.edit/icons/full/obj16/Constraint.gif" id="clazz.tool.constraint_1283167588460" name="ClockConstraint" refToolId="clazz.tool.constraint"><postAction id="org.eclipse.papyrus.applystereotypeactionprovider"><stereotypesToApply><stereotype stereotypeName="MARTE::MARTE_Foundations::Time::ClockConstraint"/></stereotypesToApply></postAction></aspectTool><aspectTool description="Create a Clock Type" iconpath="platform:/plugin/org.eclipse.uml2.uml.edit/icons/full/obj16/Class.gif" id="clazz.tool.class_1283167610366" name="ClockType" refToolId="clazz.tool.class"><postAction id="org.eclipse.papyrus.applystereotypeactionprovider"><stereotypesToApply><stereotype stereotypeName="MARTE::MARTE_Foundations::Time::ClockType"/></stereotypesToApply></postAction></aspectTool><aspectTool description="Create a Timed Constraint" iconpath="platform:/plugin/org.eclipse.uml2.uml.edit/icons/full/obj16/Constraint.gif" id="clazz.tool.constraint_1283167658085" name="TimedConstraint" refToolId="clazz.tool.constraint"><postAction id="org.eclipse.papyrus.applystereotypeactionprovider"><stereotypesToApply><stereotype stereotypeName="MARTE::MARTE_Foundations::Time::TimedConstraint"/></stereotypesToApply></postAction></aspectTool></drawer></content></paletteDefinition>