<?xml version="1.0" encoding="UTF-8" standalone="no"?><paletteDefinition><content><drawer iconpath="/icons/drawer.gif" id="Drawer__1286293660583" name="MARTE/GQAM"><aspectTool description="Create an element with a stereotype" iconpath="platform:/plugin/org.eclipse.uml2.uml.edit/icons/full/obj16/Class.gif" id="composite.tool.class_1286293768657" name="GaAnalysisContext (Class)" refToolId="composite.tool.class"><postAction id="org.eclipse.papyrus.applystereotypeactionprovider"><stereotypesToApply><stereotype stereotypeName="MARTE::MARTE_AnalysisModel::GQAM::GaAnalysisContext"/></stereotypesToApply></postAction></aspectTool><aspectTool description="Create an element with a stereotype" iconpath="platform:/plugin/org.eclipse.uml2.uml.edit/icons/full/obj16/Property.gif" id="composite.tool.property_1286293789797" name="GaCommChannel (Property)" refToolId="composite.tool.property"><postAction id="org.eclipse.papyrus.applystereotypeactionprovider"><stereotypesToApply><stereotype stereotypeName="MARTE::MARTE_AnalysisModel::GQAM::GaCommChannel"/></stereotypesToApply></postAction></aspectTool><aspectTool description="Create an element with a stereotype" iconpath="platform:/plugin/org.eclipse.uml2.uml.edit/icons/full/obj16/Property.gif" id="composite.tool.property_1286293802578" name="GaCommHost (Property)" refToolId="composite.tool.property"><postAction id="org.eclipse.papyrus.applystereotypeactionprovider"><stereotypesToApply><stereotype stereotypeName="MARTE::MARTE_AnalysisModel::GQAM::GaCommHost"/></stereotypesToApply></postAction></aspectTool><aspectTool description="Create an element with a stereotype" iconpath="platform:/plugin/org.eclipse.uml2.uml.edit/icons/full/obj16/Property.gif" id="composite.tool.property_1286293821499" name="GaCommStep (Property)" refToolId="composite.tool.property"><postAction id="org.eclipse.papyrus.applystereotypeactionprovider"><stereotypesToApply><stereotype stereotypeName="MARTE::MARTE_AnalysisModel::GQAM::GaCommStep"/></stereotypesToApply></postAction></aspectTool><aspectTool description="Create an element with a stereotype" iconpath="platform:/plugin/org.eclipse.uml2.uml.edit/icons/full/obj16/Property.gif" id="composite.tool.property_1286293838405" name="GaEventTrace (Property)" refToolId="composite.tool.property"><postAction id="org.eclipse.papyrus.applystereotypeactionprovider"><stereotypesToApply><stereotype stereotypeName="MARTE::MARTE_AnalysisModel::GQAM::GaEventTrace"/></stereotypesToApply></postAction></aspectTool><aspectTool description="Create an element with a stereotype" iconpath="platform:/plugin/org.eclipse.uml2.uml.edit/icons/full/obj16/Property.gif" id="composite.tool.property_1286293847701" name="GaExecHost (Property)" refToolId="composite.tool.property"><postAction id="org.eclipse.papyrus.applystereotypeactionprovider"><stereotypesToApply><stereotype stereotypeName="MARTE::MARTE_AnalysisModel::GQAM::GaExecHost"/></stereotypesToApply></postAction></aspectTool><aspectTool description="Create an element with a stereotype" iconpath="platform:/plugin/org.eclipse.uml2.uml.edit/icons/full/obj16/Class.gif" id="composite.tool.class_1286293884309" name="GaScenario (Class)" refToolId="composite.tool.class"><postAction id="org.eclipse.papyrus.applystereotypeactionprovider"><stereotypesToApply><stereotype stereotypeName="MARTE::MARTE_AnalysisModel::GQAM::GaScenario"/></stereotypesToApply></postAction></aspectTool><aspectTool description="Create an element with a stereotype" iconpath="platform:/plugin/org.eclipse.uml2.uml.edit/icons/full/obj16/Property.gif" id="composite.tool.property_1286293903777" name="GaStep (Property)" refToolId="composite.tool.property"><postAction id="org.eclipse.papyrus.applystereotypeactionprovider"><stereotypesToApply><stereotype stereotypeName="MARTE::MARTE_AnalysisModel::GQAM::GaStep"/></stereotypesToApply></postAction></aspectTool><aspectTool description="Create an element with a stereotype" iconpath="platform:/plugin/org.eclipse.uml2.uml.edit/icons/full/obj16/Class.gif" id="composite.tool.class_1286293920948" name="GaWorkloadBehavior (Class)" refToolId="composite.tool.class"><postAction id="org.eclipse.papyrus.applystereotypeactionprovider"><stereotypesToApply><stereotype stereotypeName="MARTE::MARTE_AnalysisModel::GQAM::GaWorkloadBehavior"/></stereotypesToApply></postAction></aspectTool><aspectTool description="Create an element with a stereotype" iconpath="platform:/plugin/org.eclipse.uml2.uml.edit/icons/full/obj16/Activity.gif" id="composite.tool.activity_1286293942088" name="GaWorkloadGenerator (Activity)" refToolId="composite.tool.activity"><postAction id="org.eclipse.papyrus.applystereotypeactionprovider"><stereotypesToApply><stereotype stereotypeName="MARTE::MARTE_AnalysisModel::GQAM::GaWorkloadGenerator"/></stereotypesToApply></postAction></aspectTool><aspectTool description="Create an element with a stereotype" iconpath="platform:/plugin/org.eclipse.uml2.uml.edit/icons/full/obj16/Property.gif" id="composite.tool.property_1286293960134" name="GaWorkloadEvent (Property)" refToolId="composite.tool.property"><postAction id="org.eclipse.papyrus.applystereotypeactionprovider"><stereotypesToApply><stereotype stereotypeName="MARTE::MARTE_AnalysisModel::GQAM::GaWorkloadEvent"/></stereotypesToApply></postAction></aspectTool><aspectTool description="Create an element with a stereotype" iconpath="platform:/plugin/org.eclipse.uml2.uml.edit/icons/full/obj16/Constraint.gif" id="composite.tool.constraint_1286293970353" name="GaLatencyObs (Constraint)" refToolId="composite.tool.constraint"><postAction id="org.eclipse.papyrus.applystereotypeactionprovider"><stereotypesToApply><stereotype stereotypeName="MARTE::MARTE_AnalysisModel::GQAM::GaLatencyObs"/></stereotypesToApply></postAction></aspectTool><aspectTool description="Create an element with a stereotype" iconpath="platform:/plugin/org.eclipse.uml2.uml.edit/icons/full/obj16/Constraint.gif" id="composite.tool.constraint_1286293979509" name="GaTimedObs (Constraint)" refToolId="composite.tool.constraint"><postAction id="org.eclipse.papyrus.applystereotypeactionprovider"><stereotypesToApply><stereotype stereotypeName="MARTE::MARTE_AnalysisModel::GQAM::GaTimedObs"/></stereotypesToApply></postAction></aspectTool></drawer></content></paletteDefinition>