<?xml version="1.0" encoding="UTF-8" standalone="no"?><paletteDefinition><content><drawer iconpath="/icons/drawer.gif" id="Drawer__1284541192854" name="MARTE/GCM"><aspectTool description="Create an element with a stereotype" iconpath="platform:/plugin/org.eclipse.uml2.uml.edit/icons/full/obj16/Port.gif" id="composite.tool.port_1284541248483" name="ClientServerPort (Port)" refToolId="composite.tool.port"><postAction id="org.eclipse.papyrus.applystereotypeactionprovider"><stereotypesToApply><stereotype stereotypeName="MARTE::MARTE_DesignModel::GCM::ClientServerPort"><runtimeProperty propertyName="MARTE::MARTE_DesignModel::GCM::ClientServerPort::specificationKind"/></stereotype></stereotypesToApply></postAction><postAction displayKind="IconStereotype" displayPlace="Compartment" id="org.eclipse.papyrus.postaction.changeStereotypeDisplayProvider"/></aspectTool><aspectTool description="Create an element with a stereotype" iconpath="platform:/plugin/org.eclipse.uml2.uml.edit/icons/full/obj16/Port.gif" id="composite.tool.port_1284541254860" name="OUT FlowPort (Port)" refToolId="composite.tool.port"><postAction id="org.eclipse.papyrus.applystereotypeactionprovider"><stereotypesToApply><stereotype stereotypeName="MARTE::MARTE_DesignModel::GCM::FlowPort"><property propertyName="MARTE::MARTE_DesignModel::GCM::FlowPort::direction"><value>in</value></property></stereotype></stereotypesToApply></postAction><postAction displayKind="IconStereotype" displayPlace="Compartment" id="org.eclipse.papyrus.postaction.changeStereotypeDisplayProvider"/></aspectTool><aspectTool description="Create an element with a stereotype" iconpath="platform:/plugin/org.eclipse.uml2.uml.edit/icons/full/obj16/Port.gif" id="composite.tool.port_1284541375916" name="IN FlowPort (Port)" refToolId="composite.tool.port"><postAction id="org.eclipse.papyrus.applystereotypeactionprovider"><stereotypesToApply><stereotype stereotypeName="MARTE::MARTE_DesignModel::GCM::FlowPort"><property propertyName="MARTE::MARTE_DesignModel::GCM::FlowPort::direction"><value>out</value></property></stereotype></stereotypesToApply></postAction><postAction displayKind="IconStereotype" displayPlace="Compartment" id="org.eclipse.papyrus.postaction.changeStereotypeDisplayProvider"/></aspectTool><aspectTool description="Create an element with a stereotype" iconpath="platform:/plugin/org.eclipse.uml2.uml.edit/icons/full/obj16/Port.gif" id="composite.tool.port_1284541412827" name="INOUT FlowPort (Port)" refToolId="composite.tool.port"><postAction id="org.eclipse.papyrus.applystereotypeactionprovider"><stereotypesToApply><stereotype stereotypeName="MARTE::MARTE_DesignModel::GCM::FlowPort"/></stereotypesToApply></postAction><postAction displayKind="IconStereotype" displayPlace="Compartment" id="org.eclipse.papyrus.postaction.changeStereotypeDisplayProvider"/></aspectTool><aspectTool description="Create an element with a stereotype" iconpath="platform:/plugin/org.eclipse.uml2.uml.edit/icons/full/obj16/Port.gif" id="composite.tool.port_1286291001282" name="DataPool (Port)" refToolId="composite.tool.port"><postAction id="org.eclipse.papyrus.applystereotypeactionprovider"><stereotypesToApply><stereotype stereotypeName="MARTE::MARTE_DesignModel::GCM::DataPool"/></stereotypesToApply></postAction></aspectTool><separator id="Separator_1286291061607"/><aspectTool description="Create an element with a stereotype" iconpath="platform:/plugin/org.eclipse.uml2.uml.edit/icons/full/obj16/Activity.gif" id="composite.tool.activity_1286291058982" name="GCMInvocatingBehavior (Activity)" refToolId="composite.tool.activity"><postAction id="org.eclipse.papyrus.applystereotypeactionprovider"><stereotypesToApply><stereotype stereotypeName="MARTE::MARTE_DesignModel::GCM::GCMInvocatingBehavior"/></stereotypesToApply></postAction></aspectTool><aspectTool description="Create an element with a stereotype" iconpath="platform:/plugin/org.eclipse.uml2.uml.edit/icons/full/obj16/StateMachine.gif" id="composite.tool.statemachine_1286291072044" name="GCMInvocatingBehavior (StateMachine)" refToolId="composite.tool.statemachine"><postAction id="org.eclipse.papyrus.applystereotypeactionprovider"><stereotypesToApply><stereotype stereotypeName="MARTE::MARTE_DesignModel::GCM::GCMInvocatingBehavior"/></stereotypesToApply></postAction></aspectTool></drawer></content></paletteDefinition>