<?xml version="1.0" encoding="UTF-8" standalone="no"?><paletteDefinition><content><drawer iconpath="/icons/drawer.gif" id="Drawer__1286291326470" name="MARTE/NFPs"><aspectTool description="Create an element with a stereotype" iconpath="platform:/plugin/org.eclipse.uml2.uml.edit/icons/full/obj16/Constraint.gif" id="composite.tool.constraint_1286291403061" name="NfpConstraint (Constraint)" refToolId="composite.tool.constraint"><postAction id="org.eclipse.papyrus.applystereotypeactionprovider"><stereotypesToApply><stereotype stereotypeName="MARTE::MARTE_Foundations::NFPs::NfpConstraint"/></stereotypesToApply></postAction></aspectTool></drawer></content></paletteDefinition>