<?xml version="1.0" encoding="UTF-8" standalone="no"?><paletteDefinition><content><drawer iconpath="/icons/drawer.gif" id="Drawer__1286293984555" name="MARTE/SAM"><aspectTool description="Create an element with a stereotype" iconpath="platform:/plugin/org.eclipse.uml2.uml.edit/icons/full/obj16/Class.gif" id="composite.tool.class_1286294019757" name="SaAnalysisContext (Class)" refToolId="composite.tool.class"><postAction id="org.eclipse.papyrus.applystereotypeactionprovider"><stereotypesToApply><stereotype stereotypeName="MARTE::MARTE_AnalysisModel::SAM::SaAnalysisContext"/></stereotypesToApply></postAction></aspectTool><aspectTool description="Create an element with a stereotype" iconpath="platform:/plugin/org.eclipse.uml2.uml.edit/icons/full/obj16/Property.gif" id="composite.tool.property_1286294034772" name="SaCommHost (Property)" refToolId="composite.tool.property"><postAction id="org.eclipse.papyrus.applystereotypeactionprovider"><stereotypesToApply><stereotype stereotypeName="MARTE::MARTE_AnalysisModel::SAM::SaCommHost"/></stereotypesToApply></postAction></aspectTool><aspectTool description="Create an element with a stereotype" iconpath="platform:/plugin/org.eclipse.uml2.uml.edit/icons/full/obj16/Connector.gif" id="composite.tool.connector_1286294062005" name="SaCommStep (Connector)" refToolId="composite.tool.connector"><postAction id="org.eclipse.papyrus.applystereotypeactionprovider"><stereotypesToApply><stereotype stereotypeName="MARTE::MARTE_AnalysisModel::SAM::SaCommStep"/></stereotypesToApply></postAction></aspectTool><aspectTool description="Create an element with a stereotype" iconpath="platform:/plugin/org.eclipse.uml2.uml.edit/icons/full/obj16/Activity.gif" id="composite.tool.activity_1286294076927" name="SaEndtoEndFlow (Activity)" refToolId="composite.tool.activity"><postAction id="org.eclipse.papyrus.applystereotypeactionprovider"><stereotypesToApply><stereotype stereotypeName="MARTE::MARTE_AnalysisModel::SAM::SaEndtoEndFlow"/></stereotypesToApply></postAction></aspectTool><aspectTool description="Create an element with a stereotype" iconpath="platform:/plugin/org.eclipse.uml2.uml.edit/icons/full/obj16/Property.gif" id="composite.tool.property_1286294087255" name="SaExecHost (Property)" refToolId="composite.tool.property"><postAction id="org.eclipse.papyrus.applystereotypeactionprovider"><stereotypesToApply><stereotype stereotypeName="MARTE::MARTE_AnalysisModel::SAM::SaExecHost"/></stereotypesToApply></postAction></aspectTool><aspectTool description="Create an element with a stereotype" iconpath="platform:/plugin/org.eclipse.uml2.uml.edit/icons/full/obj16/Property.gif" id="composite.tool.property_1286294098801" name="SaSharedResource (Property)" refToolId="composite.tool.property"><postAction id="org.eclipse.papyrus.applystereotypeactionprovider"><stereotypesToApply><stereotype stereotypeName="MARTE::MARTE_AnalysisModel::SAM::SaSharedResource"/></stereotypesToApply></postAction></aspectTool><aspectTool description="Create an element with a stereotype" iconpath="platform:/plugin/org.eclipse.uml2.uml.edit/icons/full/obj16/Property.gif" id="composite.tool.property_1286294115519" name="SaStep (Property)" refToolId="composite.tool.property"><postAction id="org.eclipse.papyrus.applystereotypeactionprovider"><stereotypesToApply><stereotype stereotypeName="MARTE::MARTE_AnalysisModel::SAM::SaStep"/></stereotypesToApply></postAction></aspectTool><aspectTool description="Create an element with a stereotype" iconpath="platform:/plugin/org.eclipse.uml2.uml.edit/icons/full/obj16/Constraint.gif" id="composite.tool.constraint_1286294119863" name="SaSchedObs (Constraint)" refToolId="composite.tool.constraint"><postAction id="org.eclipse.papyrus.applystereotypeactionprovider"><stereotypesToApply><stereotype stereotypeName="MARTE::MARTE_AnalysisModel::SAM::SaSchedObs"/></stereotypesToApply></postAction></aspectTool></drawer></content></paletteDefinition>