<?xml version="1.0" encoding="UTF-8" standalone="no"?><paletteDefinition><content><drawer iconpath="/icons/drawer.gif" id="Drawer__1286291144244" name="MARTE/Time"><aspectTool description="Create an element with a stereotype" iconpath="platform:/plugin/org.eclipse.uml2.uml.edit/icons/full/obj16/Property.gif" id="composite.tool.property_1286291192820" name="Clock (Property)" refToolId="composite.tool.property"><postAction id="org.eclipse.papyrus.applystereotypeactionprovider"><stereotypesToApply><stereotype stereotypeName="MARTE::MARTE_Foundations::Time::Clock"/></stereotypesToApply></postAction></aspectTool><aspectTool description="Create an element with a stereotype" iconpath="platform:/plugin/org.eclipse.uml2.uml.edit/icons/full/obj16/Class.gif" id="composite.tool.class_1286291207835" name="ClockType (Class)" refToolId="composite.tool.class"><postAction id="org.eclipse.papyrus.applystereotypeactionprovider"><stereotypesToApply><stereotype stereotypeName="MARTE::MARTE_Foundations::Time::ClockType"/></stereotypesToApply></postAction></aspectTool><aspectTool description="Create an element with a stereotype" iconpath="platform:/plugin/org.eclipse.uml2.uml.edit/icons/full/obj16/Class.gif" id="composite.tool.class_1286291233427" name="TimedDomain (Class)" refToolId="composite.tool.class"><postAction id="org.eclipse.papyrus.applystereotypeactionprovider"><stereotypesToApply><stereotype stereotypeName="MARTE::MARTE_Foundations::Time::TimedDomain"/></stereotypesToApply></postAction></aspectTool><aspectTool description="Create an element with a stereotype" iconpath="platform:/plugin/org.eclipse.uml2.uml.edit/icons/full/obj16/Activity.gif" id="composite.tool.activity_1286291259582" name="TimedProcessing (Activity)" refToolId="composite.tool.activity"><postAction id="org.eclipse.papyrus.applystereotypeactionprovider"><stereotypesToApply><stereotype stereotypeName="MARTE::MARTE_Foundations::Time::TimedProcessing"/></stereotypesToApply></postAction></aspectTool><separator id="Separator_1286291271238"/><aspectTool description="Create an element with a stereotype" iconpath="platform:/plugin/org.eclipse.uml2.uml.edit/icons/full/obj16/Constraint.gif" id="composite.tool.constraint_1286291268629" name="ClockConstraint (Constraint)" refToolId="composite.tool.constraint"><postAction id="org.eclipse.papyrus.applystereotypeactionprovider"><stereotypesToApply><stereotype stereotypeName="MARTE::MARTE_Foundations::Time::ClockConstraint"/></stereotypesToApply></postAction></aspectTool><aspectTool description="Create an element with a stereotype" iconpath="platform:/plugin/org.eclipse.uml2.uml.edit/icons/full/obj16/Constraint.gif" id="composite.tool.constraint_1286291275050" name="TimedConstraint (Constraint)" refToolId="composite.tool.constraint"><postAction id="org.eclipse.papyrus.applystereotypeactionprovider"><stereotypesToApply><stereotype stereotypeName="MARTE::MARTE_Foundations::Time::TimedConstraint"/></stereotypesToApply></postAction></aspectTool><aspectTool description="Create an element with a stereotype" iconpath="platform:/plugin/org.eclipse.uml2.uml.edit/icons/full/obj16/DurationObservation.gif" id="composite.tool.durationobservation_1286291278785" name="TimedDurationObservation (DurationObservation)" refToolId="composite.tool.durationobservation"><postAction id="org.eclipse.papyrus.applystereotypeactionprovider"><stereotypesToApply><stereotype stereotypeName="MARTE::MARTE_Foundations::Time::TimedDurationObservation"/></stereotypesToApply></postAction></aspectTool><aspectTool description="Create an element with a stereotype" iconpath="platform:/plugin/org.eclipse.uml2.uml.edit/icons/full/obj16/TimeObservation.gif" id="composite.tool.timeobservation_1286291281784" name="TimedInstantObservation (TimeObservation)" refToolId="composite.tool.timeobservation"><postAction id="org.eclipse.papyrus.applystereotypeactionprovider"><stereotypesToApply><stereotype stereotypeName="MARTE::MARTE_Foundations::Time::TimedInstantObservation"/></stereotypesToApply></postAction></aspectTool></drawer></content></paletteDefinition>