<?xml version="1.0" encoding="UTF-8" standalone="no"?><paletteDefinition><content><drawer iconpath="/icons/drawer.gif" id="Drawer__1286291456824" name="MARTE/GRM"><aspectTool description="Create an element with a stereotype" iconpath="platform:/plugin/org.eclipse.uml2.uml.edit/icons/full/obj16/Port.gif" id="composite.tool.port_1286291577992" name="CommunicationEndPoint (Port)" refToolId="composite.tool.port"><postAction id="org.eclipse.papyrus.applystereotypeactionprovider"><stereotypesToApply><stereotype stereotypeName="MARTE::MARTE_Foundations::GRM::CommunicationEndPoint"/></stereotypesToApply></postAction></aspectTool><aspectTool description="Create an element with a stereotype" iconpath="platform:/plugin/org.eclipse.uml2.uml.edit/icons/full/obj16/Property.gif" id="composite.tool.property_1286291613974" name="ComputingResource (Property)" refToolId="composite.tool.property"><postAction id="org.eclipse.papyrus.applystereotypeactionprovider"><stereotypesToApply><stereotype stereotypeName="MARTE::MARTE_Foundations::GRM::ComputingResource"/></stereotypesToApply></postAction></aspectTool><aspectTool description="Create an element with a stereotype" iconpath="platform:/plugin/org.eclipse.uml2.uml.edit/icons/full/obj16/Property.gif" id="composite.tool.property_1286291633724" name="ConcurrencyResource (Property)" refToolId="composite.tool.property"><postAction id="org.eclipse.papyrus.applystereotypeactionprovider"><stereotypesToApply><stereotype stereotypeName="MARTE::MARTE_Foundations::GRM::ConcurrencyResource"/></stereotypesToApply></postAction></aspectTool><aspectTool description="Create an element with a stereotype" iconpath="platform:/plugin/org.eclipse.uml2.uml.edit/icons/full/obj16/Property.gif" id="composite.tool.property_1286291643817" name="DeviceResource (Property)" refToolId="composite.tool.property"><postAction id="org.eclipse.papyrus.applystereotypeactionprovider"><stereotypesToApply><stereotype stereotypeName="MARTE::MARTE_Foundations::GRM::DeviceResource"/></stereotypesToApply></postAction></aspectTool><aspectTool description="Create an element with a stereotype" iconpath="platform:/plugin/org.eclipse.uml2.uml.edit/icons/full/obj16/Property.gif" id="composite.tool.property_1286291657817" name="MutualExclusionResource (Property)" refToolId="composite.tool.property"><postAction id="org.eclipse.papyrus.applystereotypeactionprovider"><stereotypesToApply><stereotype stereotypeName="MARTE::MARTE_Foundations::GRM::MutualExclusionResource"/></stereotypesToApply></postAction></aspectTool><aspectTool description="Create an element with a stereotype" iconpath="platform:/plugin/org.eclipse.uml2.uml.edit/icons/full/obj16/Property.gif" id="composite.tool.property_1286291665348" name="ProcessingResource (Property)" refToolId="composite.tool.property"><postAction id="org.eclipse.papyrus.applystereotypeactionprovider"><stereotypesToApply><stereotype stereotypeName="MARTE::MARTE_Foundations::GRM::ProcessingResource"/></stereotypesToApply></postAction></aspectTool><aspectTool description="Create an element with a stereotype" iconpath="platform:/plugin/org.eclipse.uml2.uml.edit/icons/full/obj16/Property.gif" id="composite.tool.property_1286291680066" name="Resource (Property)" refToolId="composite.tool.property"><postAction id="org.eclipse.papyrus.applystereotypeactionprovider"><stereotypesToApply><stereotype stereotypeName="MARTE::MARTE_Foundations::GRM::Resource"/></stereotypesToApply></postAction></aspectTool><aspectTool description="Create an element with a stereotype" iconpath="platform:/plugin/org.eclipse.uml2.uml.edit/icons/full/obj16/Property.gif" id="composite.tool.property_1286291706127" name="SchedulableResource (Property)" refToolId="composite.tool.property"><postAction id="org.eclipse.papyrus.applystereotypeactionprovider"><stereotypesToApply><stereotype stereotypeName="MARTE::MARTE_Foundations::GRM::SchedulableResource"/></stereotypesToApply></postAction></aspectTool><aspectTool description="Create an element with a stereotype" iconpath="platform:/plugin/org.eclipse.uml2.uml.edit/icons/full/obj16/Property.gif" id="composite.tool.property_1286291713799" name="Scheduler (Property)" refToolId="composite.tool.property"><postAction id="org.eclipse.papyrus.applystereotypeactionprovider"><stereotypesToApply><stereotype stereotypeName="MARTE::MARTE_Foundations::GRM::Scheduler"/></stereotypesToApply></postAction></aspectTool><aspectTool description="Create an element with a stereotype" iconpath="platform:/plugin/org.eclipse.uml2.uml.edit/icons/full/obj16/Property.gif" id="composite.tool.property_1286291724689" name="SecondaryScheduler (Property)" refToolId="composite.tool.property"><postAction id="org.eclipse.papyrus.applystereotypeactionprovider"><stereotypesToApply><stereotype stereotypeName="MARTE::MARTE_Foundations::GRM::SecondaryScheduler"/></stereotypesToApply></postAction></aspectTool><aspectTool description="Create an element with a stereotype" iconpath="platform:/plugin/org.eclipse.uml2.uml.edit/icons/full/obj16/Property.gif" id="composite.tool.property_1286291743938" name="ClockResource (Property)" refToolId="composite.tool.property"><postAction id="org.eclipse.papyrus.applystereotypeactionprovider"><stereotypesToApply><stereotype stereotypeName="MARTE::MARTE_Foundations::GRM::ClockResource"/></stereotypesToApply></postAction></aspectTool><aspectTool description="Create an element with a stereotype" iconpath="platform:/plugin/org.eclipse.uml2.uml.edit/icons/full/obj16/Property.gif" id="composite.tool.property_1286291757203" name="StorageResource (Property)" refToolId="composite.tool.property"><postAction id="org.eclipse.papyrus.applystereotypeactionprovider"><stereotypesToApply><stereotype stereotypeName="MARTE::MARTE_Foundations::GRM::StorageResource"/></stereotypesToApply></postAction></aspectTool><aspectTool description="Create an element with a stereotype" iconpath="platform:/plugin/org.eclipse.uml2.uml.edit/icons/full/obj16/Property.gif" id="composite.tool.property_1286291765703" name="SynchronizationResource (Property)" refToolId="composite.tool.property"><postAction id="org.eclipse.papyrus.applystereotypeactionprovider"><stereotypesToApply><stereotype stereotypeName="MARTE::MARTE_Foundations::GRM::SynchronizationResource"/></stereotypesToApply></postAction></aspectTool><aspectTool description="Create an element with a stereotype" iconpath="platform:/plugin/org.eclipse.uml2.uml.edit/icons/full/obj16/Property.gif" id="composite.tool.property_1286291775093" name="TimerResource (Property)" refToolId="composite.tool.property"><postAction id="org.eclipse.papyrus.applystereotypeactionprovider"><stereotypesToApply><stereotype stereotypeName="MARTE::MARTE_Foundations::GRM::TimerResource"/></stereotypesToApply></postAction></aspectTool><aspectTool description="Create an element with a stereotype" iconpath="platform:/plugin/org.eclipse.uml2.uml.edit/icons/full/obj16/Property.gif" id="composite.tool.property_1286291782437" name="TimingResource (Property)" refToolId="composite.tool.property"><postAction id="org.eclipse.papyrus.applystereotypeactionprovider"><stereotypesToApply><stereotype stereotypeName="MARTE::MARTE_Foundations::GRM::TimingResource"/></stereotypesToApply></postAction></aspectTool><aspectTool description="Create an element with a stereotype" iconpath="platform:/plugin/org.eclipse.uml2.uml.edit/icons/full/obj16/Connector.gif" id="composite.tool.connector_1286291803639" name="CommunicationMedia (Connector)" refToolId="composite.tool.connector"><postAction id="org.eclipse.papyrus.applystereotypeactionprovider"><stereotypesToApply><stereotype stereotypeName="MARTE::MARTE_Foundations::GRM::CommunicationMedia"/></stereotypesToApply></postAction></aspectTool><aspectTool description="Create an element with a stereotype" iconpath="platform:/plugin/org.eclipse.uml2.uml.edit/icons/full/obj16/Dependency.gif" id="composite.tool.dependency_1286291815889" name="ResourceUsage (Dependency)" refToolId="composite.tool.dependency"><postAction id="org.eclipse.papyrus.applystereotypeactionprovider"><stereotypesToApply><stereotype stereotypeName="MARTE::MARTE_Foundations::GRM::ResourceUsage"/></stereotypesToApply></postAction></aspectTool></drawer></content></paletteDefinition>