<?xml version="1.0" encoding="UTF-8" standalone="no"?><paletteDefinition><content><drawer iconpath="/icons/drawer.gif" id="Drawer__1286292080097" name="MARTE/HRM"><aspectTool description="Create an element with a stereotype" iconpath="platform:/plugin/org.eclipse.uml2.uml.edit/icons/full/obj16/Property.gif" id="composite.tool.property_1286292572313" name="HwASIC (Property)" refToolId="composite.tool.property"><postAction id="org.eclipse.papyrus.applystereotypeactionprovider"><stereotypesToApply><stereotype stereotypeName="MARTE::MARTE_DesignModel::HRM::HwLogical::HwComputing::HwASIC"/></stereotypesToApply></postAction><postAction displayKind="TextIconStereotype" displayPlace="Compartment" id="org.eclipse.papyrus.postaction.changeStereotypeDisplayProvider"/></aspectTool><aspectTool description="Create an element with a stereotype" iconpath="platform:/plugin/org.eclipse.uml2.uml.edit/icons/full/obj16/Property.gif" id="composite.tool.property_1286292584687" name="HwBranchPredictor (Property)" refToolId="composite.tool.property"><postAction id="org.eclipse.papyrus.applystereotypeactionprovider"><stereotypesToApply><stereotype stereotypeName="MARTE::MARTE_DesignModel::HRM::HwLogical::HwComputing::HwBranchPredictor"/></stereotypesToApply></postAction><postAction displayKind="TextIconStereotype" displayPlace="Compartment" id="org.eclipse.papyrus.postaction.changeStereotypeDisplayProvider"/></aspectTool><aspectTool description="Create an element with a stereotype" iconpath="platform:/plugin/org.eclipse.uml2.uml.edit/icons/full/obj16/Property.gif" id="composite.tool.property_1286292603327" name="HwComputingResource (Property)" refToolId="composite.tool.property"><postAction id="org.eclipse.papyrus.applystereotypeactionprovider"><stereotypesToApply><stereotype stereotypeName="MARTE::MARTE_DesignModel::HRM::HwLogical::HwComputing::HwComputingResource"/></stereotypesToApply></postAction><postAction displayKind="TextIconStereotype" displayPlace="Compartment" id="org.eclipse.papyrus.postaction.changeStereotypeDisplayProvider"/></aspectTool><aspectTool description="Create an element with a stereotype" iconpath="platform:/plugin/org.eclipse.uml2.uml.edit/icons/full/obj16/Property.gif" id="composite.tool.property_1286292623170" name="HwISA (Property)" refToolId="composite.tool.property"><postAction id="org.eclipse.papyrus.applystereotypeactionprovider"><stereotypesToApply><stereotype stereotypeName="MARTE::MARTE_DesignModel::HRM::HwLogical::HwComputing::HwISA"/></stereotypesToApply></postAction><postAction displayKind="TextIconStereotype" displayPlace="Compartment" id="org.eclipse.papyrus.postaction.changeStereotypeDisplayProvider"/></aspectTool><aspectTool description="Create an element with a stereotype" iconpath="platform:/plugin/org.eclipse.uml2.uml.edit/icons/full/obj16/Property.gif" id="composite.tool.property_1286292631357" name="HwPLD (Property)" refToolId="composite.tool.property"><postAction id="org.eclipse.papyrus.applystereotypeactionprovider"><stereotypesToApply><stereotype stereotypeName="MARTE::MARTE_DesignModel::HRM::HwLogical::HwComputing::HwPLD"/></stereotypesToApply></postAction><postAction displayKind="TextIconStereotype" displayPlace="Compartment" id="org.eclipse.papyrus.postaction.changeStereotypeDisplayProvider"/></aspectTool><aspectTool description="Create an element with a stereotype" iconpath="platform:/plugin/org.eclipse.uml2.uml.edit/icons/full/obj16/Property.gif" id="composite.tool.property_1286292640919" name="HwProcessor (Property)" refToolId="composite.tool.property"><postAction id="org.eclipse.papyrus.applystereotypeactionprovider"><stereotypesToApply><stereotype stereotypeName="MARTE::MARTE_DesignModel::HRM::HwLogical::HwComputing::HwProcessor"/></stereotypesToApply></postAction><postAction displayKind="TextIconStereotype" displayPlace="Compartment" id="org.eclipse.papyrus.postaction.changeStereotypeDisplayProvider"/></aspectTool><separator id="Separator_1286292673621"/><aspectTool description="Create an element with a stereotype" iconpath="platform:/plugin/org.eclipse.uml2.uml.edit/icons/full/obj16/Property.gif" id="composite.tool.property_1286292671043" name="HwArbiter (Property)" refToolId="composite.tool.property"><postAction id="org.eclipse.papyrus.applystereotypeactionprovider"><stereotypesToApply><stereotype stereotypeName="MARTE::MARTE_DesignModel::HRM::HwLogical::HwCommunication::HwArbiter"/></stereotypesToApply></postAction><postAction displayKind="TextIconStereotype" displayPlace="Compartment" id="org.eclipse.papyrus.postaction.changeStereotypeDisplayProvider"/></aspectTool><aspectTool description="Create an element with a stereotype" iconpath="platform:/plugin/org.eclipse.uml2.uml.edit/icons/full/obj16/Property.gif" id="composite.tool.property_1286292687886" name="HwBridge (Property)" refToolId="composite.tool.property"><postAction id="org.eclipse.papyrus.applystereotypeactionprovider"><stereotypesToApply><stereotype stereotypeName="MARTE::MARTE_DesignModel::HRM::HwLogical::HwCommunication::HwBridge"/></stereotypesToApply></postAction><postAction displayKind="TextIconStereotype" displayPlace="Compartment" id="org.eclipse.papyrus.postaction.changeStereotypeDisplayProvider"/></aspectTool><aspectTool description="Create an element with a stereotype" iconpath="platform:/plugin/org.eclipse.uml2.uml.edit/icons/full/obj16/Property.gif" id="composite.tool.property_1286292701808" name="HwBus (Property)" refToolId="composite.tool.property"><postAction id="org.eclipse.papyrus.applystereotypeactionprovider"><stereotypesToApply><stereotype stereotypeName="MARTE::MARTE_DesignModel::HRM::HwLogical::HwCommunication::HwBus"/></stereotypesToApply></postAction><postAction displayKind="TextIconStereotype" displayPlace="Compartment" id="org.eclipse.papyrus.postaction.changeStereotypeDisplayProvider"/></aspectTool><aspectTool description="Create an element with a stereotype" iconpath="platform:/plugin/org.eclipse.uml2.uml.edit/icons/full/obj16/Property.gif" id="composite.tool.property_1286292735041" name="HwCommunicationResource (Property)" refToolId="composite.tool.property"><postAction id="org.eclipse.papyrus.applystereotypeactionprovider"><stereotypesToApply><stereotype stereotypeName="MARTE::MARTE_DesignModel::HRM::HwLogical::HwCommunication::HwCommunicationResource"/></stereotypesToApply></postAction><postAction displayKind="TextIconStereotype" displayPlace="Compartment" id="org.eclipse.papyrus.postaction.changeStereotypeDisplayProvider"/></aspectTool><aspectTool description="Create an element with a stereotype" iconpath="platform:/plugin/org.eclipse.uml2.uml.edit/icons/full/obj16/Port.gif" id="composite.tool.port_1286292744806" name="HwEndPoint (Port)" refToolId="composite.tool.port"><postAction id="org.eclipse.papyrus.applystereotypeactionprovider"><stereotypesToApply><stereotype stereotypeName="MARTE::MARTE_DesignModel::HRM::HwLogical::HwCommunication::HwEndPoint"/></stereotypesToApply></postAction><postAction displayKind="TextIconStereotype" displayPlace="Compartment" id="org.eclipse.papyrus.postaction.changeStereotypeDisplayProvider"/></aspectTool><aspectTool description="Create an element with a stereotype" iconpath="platform:/plugin/org.eclipse.uml2.uml.edit/icons/full/obj16/Property.gif" id="composite.tool.property_1286292755196" name="HwMedia (Property)" refToolId="composite.tool.property"><postAction id="org.eclipse.papyrus.applystereotypeactionprovider"><stereotypesToApply><stereotype stereotypeName="MARTE::MARTE_DesignModel::HRM::HwLogical::HwCommunication::HwMedia"/></stereotypesToApply></postAction><postAction displayKind="TextIconStereotype" displayPlace="Compartment" id="org.eclipse.papyrus.postaction.changeStereotypeDisplayProvider"/></aspectTool><separator id="Separator_1286292778508"/><aspectTool description="Create an element with a stereotype" iconpath="platform:/plugin/org.eclipse.uml2.uml.edit/icons/full/obj16/Property.gif" id="composite.tool.property_1286292776086" name="HwClock (Property)" refToolId="composite.tool.property"><postAction id="org.eclipse.papyrus.applystereotypeactionprovider"><stereotypesToApply><stereotype stereotypeName="MARTE::MARTE_DesignModel::HRM::HwLogical::HwTiming::HwClock"/></stereotypesToApply></postAction><postAction displayKind="TextIconStereotype" displayPlace="Compartment" id="org.eclipse.papyrus.postaction.changeStereotypeDisplayProvider"/></aspectTool><aspectTool description="Create an element with a stereotype" iconpath="platform:/plugin/org.eclipse.uml2.uml.edit/icons/full/obj16/Property.gif" id="composite.tool.property_1286292790132" name="HwTimer (Property)" refToolId="composite.tool.property"><postAction id="org.eclipse.papyrus.applystereotypeactionprovider"><stereotypesToApply><stereotype stereotypeName="MARTE::MARTE_DesignModel::HRM::HwLogical::HwTiming::HwTimer"/></stereotypesToApply></postAction><postAction displayKind="TextIconStereotype" displayPlace="Compartment" id="org.eclipse.papyrus.postaction.changeStereotypeDisplayProvider"/></aspectTool><aspectTool description="Create an element with a stereotype" iconpath="platform:/plugin/org.eclipse.uml2.uml.edit/icons/full/obj16/Property.gif" id="composite.tool.property_1286292799960" name="HwTimingResource (Property)" refToolId="composite.tool.property"><postAction id="org.eclipse.papyrus.applystereotypeactionprovider"><stereotypesToApply><stereotype stereotypeName="MARTE::MARTE_DesignModel::HRM::HwLogical::HwTiming::HwTimingResource"/></stereotypesToApply></postAction><postAction displayKind="TextIconStereotype" displayPlace="Compartment" id="org.eclipse.papyrus.postaction.changeStereotypeDisplayProvider"/></aspectTool><separator id="Separator_1286292817569"/><aspectTool description="Create an element with a stereotype" iconpath="platform:/plugin/org.eclipse.uml2.uml.edit/icons/full/obj16/Property.gif" id="composite.tool.property_1286292815178" name="HWActuator (Property)" refToolId="composite.tool.property"><postAction id="org.eclipse.papyrus.applystereotypeactionprovider"><stereotypesToApply><stereotype stereotypeName="MARTE::MARTE_DesignModel::HRM::HwLogical::HwDevice::HWActuator"/></stereotypesToApply></postAction><postAction displayKind="TextIconStereotype" displayPlace="Compartment" id="org.eclipse.papyrus.postaction.changeStereotypeDisplayProvider"/></aspectTool><aspectTool description="Create an element with a stereotype" iconpath="platform:/plugin/org.eclipse.uml2.uml.edit/icons/full/obj16/Property.gif" id="composite.tool.property_1286292830209" name="HWSensor (Property)" refToolId="composite.tool.property"><postAction id="org.eclipse.papyrus.applystereotypeactionprovider"><stereotypesToApply><stereotype stereotypeName="MARTE::MARTE_DesignModel::HRM::HwLogical::HwDevice::HWSensor"/></stereotypesToApply></postAction><postAction displayKind="TextIconStereotype" displayPlace="Compartment" id="org.eclipse.papyrus.postaction.changeStereotypeDisplayProvider"/></aspectTool><aspectTool description="Create an element with a stereotype" iconpath="platform:/plugin/org.eclipse.uml2.uml.edit/icons/full/obj16/Property.gif" id="composite.tool.property_1286292840334" name="HwDevice (Property)" refToolId="composite.tool.property"><postAction id="org.eclipse.papyrus.applystereotypeactionprovider"><stereotypesToApply><stereotype stereotypeName="MARTE::MARTE_DesignModel::HRM::HwLogical::HwDevice::HwDevice"/></stereotypesToApply></postAction><postAction displayKind="TextIconStereotype" displayPlace="Compartment" id="org.eclipse.papyrus.postaction.changeStereotypeDisplayProvider"/></aspectTool><aspectTool description="Create an element with a stereotype" iconpath="platform:/plugin/org.eclipse.uml2.uml.edit/icons/full/obj16/Property.gif" id="composite.tool.property_1286292850552" name="HwI_O (Property)" refToolId="composite.tool.property"><postAction id="org.eclipse.papyrus.applystereotypeactionprovider"><stereotypesToApply><stereotype stereotypeName="MARTE::MARTE_DesignModel::HRM::HwLogical::HwDevice::HwI_O"/></stereotypesToApply></postAction><postAction displayKind="TextIconStereotype" displayPlace="Compartment" id="org.eclipse.papyrus.postaction.changeStereotypeDisplayProvider"/></aspectTool><aspectTool description="Create an element with a stereotype" iconpath="platform:/plugin/org.eclipse.uml2.uml.edit/icons/full/obj16/Property.gif" id="composite.tool.property_1286292861114" name="HwSupport (Property)" refToolId="composite.tool.property"><postAction id="org.eclipse.papyrus.applystereotypeactionprovider"><stereotypesToApply><stereotype stereotypeName="MARTE::MARTE_DesignModel::HRM::HwLogical::HwDevice::HwSupport"/></stereotypesToApply></postAction><postAction displayKind="TextIconStereotype" displayPlace="Compartment" id="org.eclipse.papyrus.postaction.changeStereotypeDisplayProvider"/></aspectTool><separator id="Separator_1286292880191"/><aspectTool description="Create an element with a stereotype" iconpath="platform:/plugin/org.eclipse.uml2.uml.edit/icons/full/obj16/Property.gif" id="composite.tool.property_1286292876848" name="HwCache (Property)" refToolId="composite.tool.property"><postAction id="org.eclipse.papyrus.applystereotypeactionprovider"><stereotypesToApply><stereotype stereotypeName="MARTE::MARTE_DesignModel::HRM::HwLogical::HwStorage::HwMemory::HwCache"/></stereotypesToApply></postAction><postAction displayKind="TextIconStereotype" displayPlace="Compartment" id="org.eclipse.papyrus.postaction.changeStereotypeDisplayProvider"/></aspectTool><aspectTool description="Create an element with a stereotype" iconpath="platform:/plugin/org.eclipse.uml2.uml.edit/icons/full/obj16/Property.gif" id="composite.tool.property_1286292892129" name="HwDrive (Property)" refToolId="composite.tool.property"><postAction id="org.eclipse.papyrus.applystereotypeactionprovider"><stereotypesToApply><stereotype stereotypeName="MARTE::MARTE_DesignModel::HRM::HwLogical::HwStorage::HwMemory::HwDrive"/></stereotypesToApply></postAction><postAction displayKind="TextIconStereotype" displayPlace="Compartment" id="org.eclipse.papyrus.postaction.changeStereotypeDisplayProvider"/></aspectTool><aspectTool description="Create an element with a stereotype" iconpath="platform:/plugin/org.eclipse.uml2.uml.edit/icons/full/obj16/Property.gif" id="composite.tool.property_1286292900847" name="HwMemory (Property)" refToolId="composite.tool.property"><postAction id="org.eclipse.papyrus.applystereotypeactionprovider"><stereotypesToApply><stereotype stereotypeName="MARTE::MARTE_DesignModel::HRM::HwLogical::HwStorage::HwMemory::HwMemory"/></stereotypesToApply></postAction><postAction displayKind="TextIconStereotype" displayPlace="Compartment" id="org.eclipse.papyrus.postaction.changeStereotypeDisplayProvider"/></aspectTool><aspectTool description="Create an element with a stereotype" iconpath="platform:/plugin/org.eclipse.uml2.uml.edit/icons/full/obj16/Property.gif" id="composite.tool.property_1286292909362" name="HwRAM (Property)" refToolId="composite.tool.property"><postAction id="org.eclipse.papyrus.applystereotypeactionprovider"><stereotypesToApply><stereotype stereotypeName="MARTE::MARTE_DesignModel::HRM::HwLogical::HwStorage::HwMemory::HwRAM"/></stereotypesToApply></postAction><postAction displayKind="TextIconStereotype" displayPlace="Compartment" id="org.eclipse.papyrus.postaction.changeStereotypeDisplayProvider"/></aspectTool><aspectTool description="Create an element with a stereotype" iconpath="platform:/plugin/org.eclipse.uml2.uml.edit/icons/full/obj16/Property.gif" id="composite.tool.property_1286292919331" name="HwROM (Property)" refToolId="composite.tool.property"><postAction id="org.eclipse.papyrus.applystereotypeactionprovider"><stereotypesToApply><stereotype stereotypeName="MARTE::MARTE_DesignModel::HRM::HwLogical::HwStorage::HwMemory::HwROM"/></stereotypesToApply></postAction><postAction displayKind="TextIconStereotype" displayPlace="Compartment" id="org.eclipse.papyrus.postaction.changeStereotypeDisplayProvider"/></aspectTool><separator id="Separator_1286292947830"/><aspectTool description="Create an element with a stereotype" iconpath="platform:/plugin/org.eclipse.uml2.uml.edit/icons/full/obj16/Property.gif" id="composite.tool.property_1286292940252" name="HwDMA (Property)" refToolId="composite.tool.property"><postAction id="org.eclipse.papyrus.applystereotypeactionprovider"><stereotypesToApply><stereotype stereotypeName="MARTE::MARTE_DesignModel::HRM::HwLogical::HwStorage::HwStorageManager::HwDMA"/></stereotypesToApply></postAction><postAction displayKind="TextIconStereotype" displayPlace="Compartment" id="org.eclipse.papyrus.postaction.changeStereotypeDisplayProvider"/></aspectTool><aspectTool description="Create an element with a stereotype" iconpath="platform:/plugin/org.eclipse.uml2.uml.edit/icons/full/obj16/Property.gif" id="composite.tool.property_1286292981031" name="HwMMU (Property)" refToolId="composite.tool.property"><postAction id="org.eclipse.papyrus.applystereotypeactionprovider"><stereotypesToApply><stereotype stereotypeName="MARTE::MARTE_DesignModel::HRM::HwLogical::HwStorage::HwStorageManager::HwMMU"/></stereotypesToApply></postAction><postAction displayKind="TextIconStereotype" displayPlace="Compartment" id="org.eclipse.papyrus.postaction.changeStereotypeDisplayProvider"/></aspectTool><aspectTool description="Create an element with a stereotype" iconpath="platform:/plugin/org.eclipse.uml2.uml.edit/icons/full/obj16/Property.gif" id="composite.tool.property_1286292990531" name="HwStorageManager (Property)" refToolId="composite.tool.property"><postAction id="org.eclipse.papyrus.applystereotypeactionprovider"><stereotypesToApply><stereotype stereotypeName="MARTE::MARTE_DesignModel::HRM::HwLogical::HwStorage::HwStorageManager::HwStorageManager"/></stereotypesToApply></postAction><postAction displayKind="TextIconStereotype" displayPlace="Compartment" id="org.eclipse.papyrus.postaction.changeStereotypeDisplayProvider"/></aspectTool><separator id="Separator_1286293042060"/><aspectTool description="Create an element with a stereotype" iconpath="platform:/plugin/org.eclipse.uml2.uml.edit/icons/full/obj16/Class.gif" id="composite.tool.class_1286293020702" name="HwComponent (Class)" refToolId="composite.tool.class"><postAction id="org.eclipse.papyrus.applystereotypeactionprovider"><stereotypesToApply><stereotype stereotypeName="MARTE::MARTE_DesignModel::HRM::HwPhysical::HwLayout::HwComponent"/></stereotypesToApply></postAction><postAction displayKind="HorizontalStereo" displayPlace="Compartment" id="org.eclipse.papyrus.postaction.changeStereotypeDisplayProvider"/></aspectTool><separator id="Separator_1286293044404"/><aspectTool description="Create an element with a stereotype" iconpath="platform:/plugin/org.eclipse.uml2.uml.edit/icons/full/obj16/Property.gif" id="composite.tool.property_1286293034217" name="HwCoolingSupply (Property)" refToolId="composite.tool.property"><postAction id="org.eclipse.papyrus.applystereotypeactionprovider"><stereotypesToApply><stereotype stereotypeName="MARTE::MARTE_DesignModel::HRM::HwPhysical::HwPower::HwCoolingSupply"/></stereotypesToApply></postAction><postAction displayKind="TextIconStereotype" displayPlace="Compartment" id="org.eclipse.papyrus.postaction.changeStereotypeDisplayProvider"/></aspectTool><aspectTool description="Create an element with a stereotype" iconpath="platform:/plugin/org.eclipse.uml2.uml.edit/icons/full/obj16/Property.gif" id="composite.tool.property_1286293061794" name="HwPowerSupply (Property)" refToolId="composite.tool.property"><postAction id="org.eclipse.papyrus.applystereotypeactionprovider"><stereotypesToApply><stereotype stereotypeName="MARTE::MARTE_DesignModel::HRM::HwPhysical::HwPower::HwPowerSupply"/></stereotypesToApply></postAction><postAction displayKind="TextIconStereotype" displayPlace="Compartment" id="org.eclipse.papyrus.postaction.changeStereotypeDisplayProvider"/></aspectTool><separator id="Separator_1286293100417"/><aspectTool description="Create an element with a stereotype" iconpath="platform:/plugin/org.eclipse.uml2.uml.edit/icons/full/obj16/Property.gif" id="composite.tool.property_1286293079137" name="HwResource (Property)" refToolId="composite.tool.property"><postAction id="org.eclipse.papyrus.applystereotypeactionprovider"><stereotypesToApply><stereotype stereotypeName="MARTE::MARTE_DesignModel::HRM::HwGeneral::HwResource"/></stereotypesToApply></postAction><postAction displayKind="TextIconStereotype" displayPlace="Compartment" id="org.eclipse.papyrus.postaction.changeStereotypeDisplayProvider"/></aspectTool><aspectTool description="Create an element with a stereotype" iconpath="platform:/plugin/org.eclipse.uml2.uml.edit/icons/full/obj16/Activity.gif" id="composite.tool.activity_1286293096355" name="HwResourceService (Activity)" refToolId="composite.tool.activity"><postAction id="org.eclipse.papyrus.applystereotypeactionprovider"><stereotypesToApply><stereotype stereotypeName="MARTE::MARTE_DesignModel::HRM::HwGeneral::HwResourceService"/></stereotypesToApply></postAction><postAction displayKind="TextIconStereotype" displayPlace="Compartment" id="org.eclipse.papyrus.postaction.changeStereotypeDisplayProvider"/></aspectTool></drawer></content></paletteDefinition>