<?xml version="1.0" encoding="UTF-8" standalone="no"?><paletteDefinition><content><drawer iconpath="/icons/drawer.gif" id="Drawer__1286293279020" name="MARTE/SRM"><aspectTool description="Create an element with a stereotype" iconpath="platform:/plugin/org.eclipse.uml2.uml.edit/icons/full/obj16/Activity.gif" id="composite.tool.activity_1286293332502" name="SwAccessService (Activity)" refToolId="composite.tool.activity"><postAction id="org.eclipse.papyrus.applystereotypeactionprovider"><stereotypesToApply><stereotype stereotypeName="MARTE::MARTE_DesignModel::SRM::SW_ResourceCore::SwAccessService"/></stereotypesToApply></postAction><postAction displayKind="TextIconStereotype" displayPlace="Compartment" id="org.eclipse.papyrus.postaction.changeStereotypeDisplayProvider"/></aspectTool><aspectTool description="Create an element with a stereotype" iconpath="platform:/plugin/org.eclipse.uml2.uml.edit/icons/full/obj16/Property.gif" id="composite.tool.property_1286293347564" name="SwResource (Property)" refToolId="composite.tool.property"><postAction id="org.eclipse.papyrus.applystereotypeactionprovider"><stereotypesToApply><stereotype stereotypeName="MARTE::MARTE_DesignModel::SRM::SW_ResourceCore::SwResource"/></stereotypesToApply></postAction><postAction displayKind="TextIconStereotype" displayPlace="Compartment" id="org.eclipse.papyrus.postaction.changeStereotypeDisplayProvider"/></aspectTool><separator id="Separator_1286293396890"/><aspectTool description="Create an element with a stereotype" iconpath="platform:/plugin/org.eclipse.uml2.uml.edit/icons/full/obj16/Property.gif" id="composite.tool.property_1286293395297" name="Alarm (Property)" refToolId="composite.tool.property"><postAction id="org.eclipse.papyrus.applystereotypeactionprovider"><stereotypesToApply><stereotype stereotypeName="MARTE::MARTE_DesignModel::SRM::SW_Concurrency::Alarm"/></stereotypesToApply></postAction><postAction displayKind="TextIconStereotype" displayPlace="Compartment" id="org.eclipse.papyrus.postaction.changeStereotypeDisplayProvider"/></aspectTool><aspectTool description="Create an element with a stereotype" iconpath="platform:/plugin/org.eclipse.uml2.uml.edit/icons/full/obj16/Property.gif" id="composite.tool.property_1286293414999" name="InterruptResource (Property)" refToolId="composite.tool.property"><postAction id="org.eclipse.papyrus.applystereotypeactionprovider"><stereotypesToApply><stereotype stereotypeName="MARTE::MARTE_DesignModel::SRM::SW_Concurrency::InterruptResource"/></stereotypesToApply></postAction><postAction displayKind="TextIconStereotype" displayPlace="Compartment" id="org.eclipse.papyrus.postaction.changeStereotypeDisplayProvider"/></aspectTool><aspectTool description="Create an element with a stereotype" iconpath="platform:/plugin/org.eclipse.uml2.uml.edit/icons/full/obj16/Property.gif" id="composite.tool.property_1286293430498" name="MemoryPartition (Property)" refToolId="composite.tool.property"><postAction id="org.eclipse.papyrus.applystereotypeactionprovider"><stereotypesToApply><stereotype stereotypeName="MARTE::MARTE_DesignModel::SRM::SW_Concurrency::MemoryPartition"/></stereotypesToApply></postAction><postAction displayKind="TextIconStereotype" displayPlace="Compartment" id="org.eclipse.papyrus.postaction.changeStereotypeDisplayProvider"/></aspectTool><aspectTool description="Create an element with a stereotype" iconpath="platform:/plugin/org.eclipse.uml2.uml.edit/icons/full/obj16/Property.gif" id="composite.tool.property_1286293444451" name="SwConcurrentResource (Property)" refToolId="composite.tool.property"><postAction id="org.eclipse.papyrus.applystereotypeactionprovider"><stereotypesToApply><stereotype stereotypeName="MARTE::MARTE_DesignModel::SRM::SW_Concurrency::SwConcurrentResource"/></stereotypesToApply></postAction><postAction displayKind="TextIconStereotype" displayPlace="Compartment" id="org.eclipse.papyrus.postaction.changeStereotypeDisplayProvider"/></aspectTool><aspectTool description="Create an element with a stereotype" iconpath="platform:/plugin/org.eclipse.uml2.uml.edit/icons/full/obj16/Property.gif" id="composite.tool.property_1286293459497" name="SwSchedulableResource (Property)" refToolId="composite.tool.property"><postAction id="org.eclipse.papyrus.applystereotypeactionprovider"><stereotypesToApply><stereotype stereotypeName="MARTE::MARTE_DesignModel::SRM::SW_Concurrency::SwSchedulableResource"/></stereotypesToApply></postAction><postAction displayKind="TextIconStereotype" displayPlace="Compartment" id="org.eclipse.papyrus.postaction.changeStereotypeDisplayProvider"/></aspectTool><aspectTool description="Create an element with a stereotype" iconpath="platform:/plugin/org.eclipse.uml2.uml.edit/icons/full/obj16/Property.gif" id="composite.tool.property_1286293479090" name="SwTimerResource (Property)" refToolId="composite.tool.property"><postAction id="org.eclipse.papyrus.applystereotypeactionprovider"><stereotypesToApply><stereotype stereotypeName="MARTE::MARTE_DesignModel::SRM::SW_Concurrency::SwTimerResource"/></stereotypesToApply></postAction></aspectTool><aspectTool description="Create an element with a stereotype" iconpath="platform:/plugin/org.eclipse.uml2.uml.edit/icons/full/obj16/Abstraction.gif" id="composite.tool.abstraction_1286293488059" name="EntryPoint (Abstraction)" refToolId="composite.tool.abstraction"><postAction id="org.eclipse.papyrus.applystereotypeactionprovider"><stereotypesToApply><stereotype stereotypeName="MARTE::MARTE_DesignModel::SRM::SW_Concurrency::EntryPoint"/></stereotypesToApply></postAction></aspectTool><separator id="Separator_1286293501027"/><aspectTool description="Create an element with a stereotype" iconpath="platform:/plugin/org.eclipse.uml2.uml.edit/icons/full/obj16/Property.gif" id="composite.tool.property_1286293498730" name="DeviceBroker (Property)" refToolId="composite.tool.property"><postAction id="org.eclipse.papyrus.applystereotypeactionprovider"><stereotypesToApply><stereotype stereotypeName="MARTE::MARTE_DesignModel::SRM::SW_Brokering::DeviceBroker"/></stereotypesToApply></postAction><postAction displayKind="TextIconStereotype" displayPlace="Compartment" id="org.eclipse.papyrus.postaction.changeStereotypeDisplayProvider"/></aspectTool><aspectTool description="Create an element with a stereotype" iconpath="platform:/plugin/org.eclipse.uml2.uml.edit/icons/full/obj16/Property.gif" id="composite.tool.property_1286293518651" name="MemoryBroker (Property)" refToolId="composite.tool.property"><postAction id="org.eclipse.papyrus.applystereotypeactionprovider"><stereotypesToApply><stereotype stereotypeName="MARTE::MARTE_DesignModel::SRM::SW_Brokering::MemoryBroker"/></stereotypesToApply></postAction><postAction displayKind="TextIconStereotype" displayPlace="Compartment" id="org.eclipse.papyrus.postaction.changeStereotypeDisplayProvider"/></aspectTool><separator id="Separator_1286293547010"/><aspectTool description="Create an element with a stereotype" iconpath="platform:/plugin/org.eclipse.uml2.uml.edit/icons/full/obj16/Connector.gif" id="composite.tool.connector_1286293544728" name="MessageComResource (Connector)" refToolId="composite.tool.connector"><postAction id="org.eclipse.papyrus.applystereotypeactionprovider"><stereotypesToApply><stereotype stereotypeName="MARTE::MARTE_DesignModel::SRM::SW_Interaction::MessageComResource"/></stereotypesToApply></postAction><postAction displayKind="TextIconStereotype" displayPlace="Compartment" id="org.eclipse.papyrus.postaction.changeStereotypeDisplayProvider"/></aspectTool><aspectTool description="Create an element with a stereotype" iconpath="platform:/plugin/org.eclipse.uml2.uml.edit/icons/full/obj16/Property.gif" id="composite.tool.property_1286293556791" name="NotificationResource (Property)" refToolId="composite.tool.property"><postAction id="org.eclipse.papyrus.applystereotypeactionprovider"><stereotypesToApply><stereotype stereotypeName="MARTE::MARTE_DesignModel::SRM::SW_Interaction::NotificationResource"/></stereotypesToApply></postAction><postAction displayKind="TextIconStereotype" displayPlace="Compartment" id="org.eclipse.papyrus.postaction.changeStereotypeDisplayProvider"/></aspectTool><aspectTool description="Create an element with a stereotype" iconpath="platform:/plugin/org.eclipse.uml2.uml.edit/icons/full/obj16/Property.gif" id="composite.tool.property_1286293569134" name="SharedDataComResource (Property)" refToolId="composite.tool.property"><postAction id="org.eclipse.papyrus.applystereotypeactionprovider"><stereotypesToApply><stereotype stereotypeName="MARTE::MARTE_DesignModel::SRM::SW_Interaction::SharedDataComResource"/></stereotypesToApply></postAction><postAction displayKind="TextIconStereotype" displayPlace="Compartment" id="org.eclipse.papyrus.postaction.changeStereotypeDisplayProvider"/></aspectTool><aspectTool description="Create an element with a stereotype" iconpath="platform:/plugin/org.eclipse.uml2.uml.edit/icons/full/obj16/Property.gif" id="composite.tool.property_1286293579399" name="SwCommunicationResource (Property)" refToolId="composite.tool.property"><postAction id="org.eclipse.papyrus.applystereotypeactionprovider"><stereotypesToApply><stereotype stereotypeName="MARTE::MARTE_DesignModel::SRM::SW_Interaction::SwCommunicationResource"/></stereotypesToApply></postAction><postAction displayKind="TextIconStereotype" displayPlace="Compartment" id="org.eclipse.papyrus.postaction.changeStereotypeDisplayProvider"/></aspectTool><aspectTool description="Create an element with a stereotype" iconpath="platform:/plugin/org.eclipse.uml2.uml.edit/icons/full/obj16/Property.gif" id="composite.tool.property_1286293612820" name="SwInteractionResource (Property)" refToolId="composite.tool.property"><postAction id="org.eclipse.papyrus.applystereotypeactionprovider"><stereotypesToApply><stereotype stereotypeName="MARTE::MARTE_DesignModel::SRM::SW_Interaction::SwInteractionResource"/></stereotypesToApply></postAction><postAction displayKind="TextIconStereotype" displayPlace="Compartment" id="org.eclipse.papyrus.postaction.changeStereotypeDisplayProvider"/></aspectTool><aspectTool description="Create an element with a stereotype" iconpath="platform:/plugin/org.eclipse.uml2.uml.edit/icons/full/obj16/Property.gif" id="composite.tool.property_1286293622163" name="SwMutualExclusionResource (Property)" refToolId="composite.tool.property"><postAction id="org.eclipse.papyrus.applystereotypeactionprovider"><stereotypesToApply><stereotype stereotypeName="MARTE::MARTE_DesignModel::SRM::SW_Interaction::SwMutualExclusionResource"/></stereotypesToApply></postAction><postAction displayKind="TextIconStereotype" displayPlace="Compartment" id="org.eclipse.papyrus.postaction.changeStereotypeDisplayProvider"/></aspectTool><aspectTool description="Create an element with a stereotype" iconpath="platform:/plugin/org.eclipse.uml2.uml.edit/icons/full/obj16/Property.gif" id="composite.tool.property_1286293641787" name="SwSynchronizationResource (Property)" refToolId="composite.tool.property"><postAction id="org.eclipse.papyrus.applystereotypeactionprovider"><stereotypesToApply><stereotype stereotypeName="MARTE::MARTE_DesignModel::SRM::SW_Interaction::SwSynchronizationResource"/></stereotypesToApply></postAction><postAction displayKind="TextIconStereotype" displayPlace="Compartment" id="org.eclipse.papyrus.postaction.changeStereotypeDisplayProvider"/></aspectTool></drawer></content></paletteDefinition>