<?xml version="1.0" encoding="UTF-8" standalone="no"?><paletteDefinition><content><drawer iconpath="/icons/drawer.gif" id="Drawer__1286355073647" name="MARTE/CoreElements"><aspectTool description="Create an element with a stereotype" iconpath="platform:/plugin/org.eclipse.uml2.uml.edit/icons/full/obj16/Transition_local.gif" id="createTransitionCreationTool_1286355130937" name="ModeTransition (Transition)" refToolId="createTransitionCreationTool"><postAction id="org.eclipse.papyrus.applystereotypeactionprovider"><stereotypesToApply><stereotype stereotypeName="MARTE::MARTE_Foundations::CoreElements::ModeTransition"/></stereotypesToApply></postAction></aspectTool><aspectTool description="Create an element with a stereotype" iconpath="platform:/plugin/org.eclipse.uml2.uml.edit/icons/full/obj16/State.gif" id="createStateCreationTool_1286355133577" name="Mode (State)" refToolId="createStateCreationTool"><postAction id="org.eclipse.papyrus.applystereotypeactionprovider"><stereotypesToApply><stereotype stereotypeName="MARTE::MARTE_Foundations::CoreElements::Mode"/></stereotypesToApply></postAction></aspectTool></drawer></content></paletteDefinition>